{
  "/api/auth" : {
    "transaction" : "/api/auth",
    "sampleCount" : 12000,
    "errorCount" : 0,
    "errorPct" : 0.0,
    "meanResTime" : 131.0259166666669,
    "medianResTime" : 95.0,
    "minResTime" : 81.0,
    "maxResTime" : 1772.0,
    "pct1ResTime" : 220.0,
    "pct2ResTime" : 305.0,
    "pct3ResTime" : 522.9899999999998,
    "throughput" : 13.242942890912362,
    "receivedKBytesPerSec" : 27.77336430170238,
    "sentKBytesPerSec" : 6.618805182377395
  },
  "api/protected/game/market/status/ids" : {
    "transaction" : "api/protected/game/market/status/ids",
    "sampleCount" : 120871,
    "errorCount" : 24839,
    "errorPct" : 20.550009,
    "meanResTime" : 249.48193528637447,
    "medianResTime" : 72.0,
    "minResTime" : 3.0,
    "maxResTime" : 8815.0,
    "pct1ResTime" : 485.0,
    "pct2ResTime" : 784.0,
    "pct3ResTime" : 1963.9900000000016,
    "throughput" : 393.0304094479996,
    "receivedKBytesPerSec" : 12333.344215570494,
    "sentKBytesPerSec" : 491.2880118099995
  },
  "/api/user/openBet" : {
    "transaction" : "/api/user/openBet",
    "sampleCount" : 10866,
    "errorCount" : 11,
    "errorPct" : 0.10123321,
    "meanResTime" : 599.5085588072866,
    "medianResTime" : 455.0,
    "minResTime" : 15.0,
    "maxResTime" : 9228.0,
    "pct1ResTime" : 1161.0,
    "pct2ResTime" : 1532.2499999999982,
    "pct3ResTime" : 2499.3199999999997,
    "throughput" : 36.9285355011487,
    "receivedKBytesPerSec" : 90.70421120524122,
    "sentKBytesPerSec" : 43.780509861713405
  },
  "api/protected/game/market/status/eventId" : {
    "transaction" : "api/protected/game/market/status/eventId",
    "sampleCount" : 12550,
    "errorCount" : 1532,
    "errorPct" : 12.207171,
    "meanResTime" : 373.6287649402387,
    "medianResTime" : 249.0,
    "minResTime" : 9.0,
    "maxResTime" : 9015.0,
    "pct1ResTime" : 788.8999999999996,
    "pct2ResTime" : 1192.0,
    "pct3ResTime" : 2120.4699999999993,
    "throughput" : 42.3588656599545,
    "receivedKBytesPerSec" : 3942.851577530225,
    "sentKBytesPerSec" : 24.447353129915147
  },
  "/api/user/account" : {
    "transaction" : "/api/user/account",
    "sampleCount" : 12887,
    "errorCount" : 1574,
    "errorPct" : 12.213859,
    "meanResTime" : 48.38651354077734,
    "medianResTime" : 29.0,
    "minResTime" : 10.0,
    "maxResTime" : 2000.0,
    "pct1ResTime" : 85.0,
    "pct2ResTime" : 127.0,
    "pct3ResTime" : 317.119999999999,
    "throughput" : 42.73189688903037,
    "receivedKBytesPerSec" : 50.20556391609302,
    "sentKBytesPerSec" : 30.755281257046274
  },
  "/api/user/withdraw-GET" : {
    "transaction" : "/api/user/withdraw-GET",
    "sampleCount" : 11828,
    "errorCount" : 1481,
    "errorPct" : 12.521136,
    "meanResTime" : 56.22294555292524,
    "medianResTime" : 34.0,
    "minResTime" : 8.0,
    "maxResTime" : 2681.0,
    "pct1ResTime" : 105.0,
    "pct2ResTime" : 157.0,
    "pct3ResTime" : 356.41999999999825,
    "throughput" : 41.265023461894046,
    "receivedKBytesPerSec" : 56.775977887819,
    "sentKBytesPerSec" : 25.79063966368378
  },
  "/api/user/deposit-POST" : {
    "transaction" : "/api/user/deposit-POST",
    "sampleCount" : 3791,
    "errorCount" : 0,
    "errorPct" : 0.0,
    "meanResTime" : 217.9359008177267,
    "medianResTime" : 137.0,
    "minResTime" : 17.0,
    "maxResTime" : 4174.0,
    "pct1ResTime" : 496.0,
    "pct2ResTime" : 728.3999999999996,
    "pct3ResTime" : 1385.5999999999985,
    "throughput" : 12.673377216002352,
    "receivedKBytesPerSec" : 12.657674177450684,
    "sentKBytesPerSec" : 16.70508829116675
  },
  "/api/common/home" : {
    "transaction" : "/api/common/home",
    "sampleCount" : 11658,
    "errorCount" : 6,
    "errorPct" : 0.051466804,
    "meanResTime" : 246.87931034482807,
    "medianResTime" : 148.0,
    "minResTime" : 11.0,
    "maxResTime" : 8062.0,
    "pct1ResTime" : 556.0,
    "pct2ResTime" : 815.0,
    "pct3ResTime" : 1504.0999999999985,
    "throughput" : 40.9807540205642,
    "receivedKBytesPerSec" : 9130.47700945821,
    "sentKBytesPerSec" : 14.367276067756393
  },
  "/api/common/game/market/group" : {
    "transaction" : "/api/common/game/market/group",
    "sampleCount" : 11484,
    "errorCount" : 2,
    "errorPct" : 0.017415535,
    "meanResTime" : 230.68469174503866,
    "medianResTime" : 133.0,
    "minResTime" : 7.0,
    "maxResTime" : 7662.0,
    "pct1ResTime" : 535.0,
    "pct2ResTime" : 795.0,
    "pct3ResTime" : 1490.0,
    "throughput" : 40.825903331769126,
    "receivedKBytesPerSec" : 1767.8393950114562,
    "sentKBytesPerSec" : 14.831285194744252
  },
  "Total" : {
    "transaction" : "Total",
    "sampleCount" : 235892,
    "errorCount" : 32427,
    "errorPct" : 13.746545,
    "meanResTime" : 225.58962576094126,
    "medianResTime" : 86.0,
    "minResTime" : 3.0,
    "maxResTime" : 9228.0,
    "pct1ResTime" : 168.90000000000146,
    "pct2ResTime" : 506.9500000000007,
    "pct3ResTime" : 1408.9400000000096,
    "throughput" : 260.3253570352582,
    "receivedKBytesPerSec" : 9023.7158895502,
    "sentKBytesPerSec" : 248.90485561122802
  },
  "/api/user/transaction?trxType=deposit" : {
    "transaction" : "/api/user/transaction?trxType=deposit",
    "sampleCount" : 12174,
    "errorCount" : 1488,
    "errorPct" : 12.22277,
    "meanResTime" : 59.24733037621169,
    "medianResTime" : 36.0,
    "minResTime" : 10.0,
    "maxResTime" : 2405.0,
    "pct1ResTime" : 107.0,
    "pct2ResTime" : 152.0,
    "pct3ResTime" : 369.5,
    "throughput" : 41.75856592564135,
    "receivedKBytesPerSec" : 43.43434172224928,
    "sentKBytesPerSec" : 25.28350671279066
  },
  "/api/user/withdraw-POST" : {
    "transaction" : "/api/user/withdraw-POST",
    "sampleCount" : 3790,
    "errorCount" : 33,
    "errorPct" : 0.8707124,
    "meanResTime" : 330.81609498680734,
    "medianResTime" : 205.0,
    "minResTime" : 11.0,
    "maxResTime" : 4602.0,
    "pct1ResTime" : 818.9000000000001,
    "pct2ResTime" : 1179.699999999999,
    "pct3ResTime" : 1957.9900000000016,
    "throughput" : 12.68602261392316,
    "receivedKBytesPerSec" : 11.87285685400865,
    "sentKBytesPerSec" : 11.893146200552962
  },
  "/api/user/deposit-GET" : {
    "transaction" : "/api/user/deposit-GET",
    "sampleCount" : 11993,
    "errorCount" : 1461,
    "errorPct" : 12.182106,
    "meanResTime" : 55.608771783540305,
    "medianResTime" : 33.0,
    "minResTime" : 8.0,
    "maxResTime" : 2372.0,
    "pct1ResTime" : 101.0,
    "pct2ResTime" : 146.0,
    "pct3ResTime" : 371.1799999999985,
    "throughput" : 41.46713367471484,
    "receivedKBytesPerSec" : 61.23892740463908,
    "sentKBytesPerSec" : 25.876463298967558
  }
}