{
  "/api/auth" : {
    "transaction" : "/api/auth",
    "sampleCount" : 8000,
    "errorCount" : 5,
    "errorPct" : 0.0625,
    "meanResTime" : 938.7215000000032,
    "medianResTime" : 93.0,
    "minResTime" : 82.0,
    "maxResTime" : 90427.0,
    "pct1ResTime" : 574.9000000000005,
    "pct2ResTime" : 2747.2499999999973,
    "pct3ResTime" : 23759.909999999996,
    "throughput" : 8.860397787558671,
    "receivedKBytesPerSec" : 18.568674641624597,
    "sentKBytesPerSec" : 4.4262381056081885
  },
  "/api/user/openBet" : {
    "transaction" : "/api/user/openBet",
    "sampleCount" : 4248,
    "errorCount" : 43,
    "errorPct" : 1.012241,
    "meanResTime" : 1851.1551318267404,
    "medianResTime" : 198.0,
    "minResTime" : 43.0,
    "maxResTime" : 90140.0,
    "pct1ResTime" : 1532.2999999999997,
    "pct2ResTime" : 7537.0,
    "pct3ResTime" : 46017.020000000004,
    "throughput" : 14.064082954252001,
    "receivedKBytesPerSec" : 33.94756290742966,
    "sentKBytesPerSec" : 17.155945669285472
  },
  "/api/user/withdraw-GET" : {
    "transaction" : "/api/user/withdraw-GET",
    "sampleCount" : 3838,
    "errorCount" : 7,
    "errorPct" : 0.18238667,
    "meanResTime" : 660.7206878582599,
    "medianResTime" : 24.0,
    "minResTime" : 12.0,
    "maxResTime" : 52596.0,
    "pct1ResTime" : 219.29999999999973,
    "pct2ResTime" : 1734.6499999999965,
    "pct3ResTime" : 18669.380000000237,
    "throughput" : 13.369980596458593,
    "receivedKBytesPerSec" : 20.243298544342494,
    "sentKBytesPerSec" : 8.35623787278662
  },
  "/api/user/deposit-POST" : {
    "transaction" : "/api/user/deposit-POST",
    "sampleCount" : 1830,
    "errorCount" : 0,
    "errorPct" : 0.0,
    "meanResTime" : 491.4939890710382,
    "medianResTime" : 56.5,
    "minResTime" : 16.0,
    "maxResTime" : 43605.0,
    "pct1ResTime" : 352.9000000000001,
    "pct2ResTime" : 1440.249999999999,
    "pct3ResTime" : 13548.76,
    "throughput" : 6.084181129064433,
    "receivedKBytesPerSec" : 4.698107186938959,
    "sentKBytesPerSec" : 8.020319045481749
  },
  "/api/common/home" : {
    "transaction" : "/api/common/home",
    "sampleCount" : 3759,
    "errorCount" : 2,
    "errorPct" : 0.05320564,
    "meanResTime" : 1117.49215216813,
    "medianResTime" : 46.0,
    "minResTime" : 11.0,
    "maxResTime" : 85436.0,
    "pct1ResTime" : 444.0,
    "pct2ResTime" : 2922.0,
    "pct3ResTime" : 32925.600000000006,
    "throughput" : 13.193177032149375,
    "receivedKBytesPerSec" : 1862.945286725221,
    "sentKBytesPerSec" : 4.62288139543556
  },
  "/api/common/game/market/group" : {
    "transaction" : "/api/common/game/market/group",
    "sampleCount" : 3698,
    "errorCount" : 3,
    "errorPct" : 0.08112493,
    "meanResTime" : 486.8826392644672,
    "medianResTime" : 22.0,
    "minResTime" : 7.0,
    "maxResTime" : 59714.0,
    "pct1ResTime" : 236.0999999999999,
    "pct2ResTime" : 608.0999999999995,
    "pct3ResTime" : 14639.939999999977,
    "throughput" : 13.07577798757483,
    "receivedKBytesPerSec" : 318.6832970792538,
    "sentKBytesPerSec" : 4.750184972048668
  },
  "Total" : {
    "transaction" : "Total",
    "sampleCount" : 50407,
    "errorCount" : 99,
    "errorPct" : 0.1964013,
    "meanResTime" : 1046.3826055904933,
    "medianResTime" : 89.0,
    "minResTime" : 7.0,
    "maxResTime" : 90632.0,
    "pct1ResTime" : 4950.9000000000015,
    "pct2ResTime" : 16890.100000000013,
    "pct3ResTime" : 48024.96000000001,
    "throughput" : 55.828258909683754,
    "receivedKBytesPerSec" : 1761.9073298090639,
    "sentKBytesPerSec" : 36.313684887843976
  },
  "/api/user/transaction?trxType=deposit" : {
    "transaction" : "/api/user/transaction?trxType=deposit",
    "sampleCount" : 4038,
    "errorCount" : 0,
    "errorPct" : 0.0,
    "meanResTime" : 539.2379891035166,
    "medianResTime" : 25.0,
    "minResTime" : 13.0,
    "maxResTime" : 90203.0,
    "pct1ResTime" : 209.0999999999999,
    "pct2ResTime" : 589.2499999999986,
    "pct3ResTime" : 17311.0,
    "throughput" : 13.862093114267863,
    "receivedKBytesPerSec" : 15.617812343373453,
    "sentKBytesPerSec" : 8.39306419027937
  },
  "/api/user/withdraw-POST" : {
    "transaction" : "/api/user/withdraw-POST",
    "sampleCount" : 1770,
    "errorCount" : 8,
    "errorPct" : 0.4519774,
    "meanResTime" : 300.37062146892663,
    "medianResTime" : 62.0,
    "minResTime" : 12.0,
    "maxResTime" : 29248.0,
    "pct1ResTime" : 304.0,
    "pct2ResTime" : 531.4499999999998,
    "pct3ResTime" : 10188.36999999998,
    "throughput" : 6.924232466435076,
    "receivedKBytesPerSec" : 5.3264725485478674,
    "sentKBytesPerSec" : 6.491467937282884
  },
  "/api/user/deposit-GET" : {
    "transaction" : "/api/user/deposit-GET",
    "sampleCount" : 3944,
    "errorCount" : 0,
    "errorPct" : 0.0,
    "meanResTime" : 655.012931034483,
    "medianResTime" : 23.0,
    "minResTime" : 12.0,
    "maxResTime" : 59693.0,
    "pct1ResTime" : 200.5,
    "pct2ResTime" : 603.5,
    "pct3ResTime" : 19435.40000000001,
    "throughput" : 13.633331144072923,
    "receivedKBytesPerSec" : 22.19580924246693,
    "sentKBytesPerSec" : 8.507518165100194
  },
  "api/protected/game/market/status/eventId" : {
    "transaction" : "api/protected/game/market/status/eventId",
    "sampleCount" : 9882,
    "errorCount" : 23,
    "errorPct" : 0.2327464,
    "meanResTime" : 1294.2246508803867,
    "medianResTime" : 67.0,
    "minResTime" : 28.0,
    "maxResTime" : 90632.0,
    "pct1ResTime" : 530.0,
    "pct2ResTime" : 2939.250000000002,
    "pct3ResTime" : 35224.12,
    "throughput" : 31.4880844270679,
    "receivedKBytesPerSec" : 2919.9705392925935,
    "sentKBytesPerSec" : 18.134679087882727
  },
  "/api/user/account" : {
    "transaction" : "/api/user/account",
    "sampleCount" : 5400,
    "errorCount" : 8,
    "errorPct" : 0.14814815,
    "meanResTime" : 1824.6492592592558,
    "medianResTime" : 22.0,
    "minResTime" : 9.0,
    "maxResTime" : 61263.0,
    "pct1ResTime" : 900.9000000000005,
    "pct2ResTime" : 12215.949999999986,
    "pct3ResTime" : 43572.81999999999,
    "throughput" : 17.767599794685513,
    "receivedKBytesPerSec" : 22.830719887003003,
    "sentKBytesPerSec" : 12.768868615180113
  }
}