FCUserRun1_11836,Logged In Successfully,3
FCUserRun1_1,Logged In Successfully,953.8199999999999
FCUserRun1_2,Logged In Successfully,792.3599999999998
FCUserRun1_4,Logged In Successfully,791.3799999999999
FCUserRun1_6,Logged In Successfully,783.4399999999998
FCUserRun1_5,Logged In Successfully,796.9999999999999
FCUserRun1_3,Logged In Successfully,792.92
FCUserRun1_8,Logged In Successfully,769.4199999999998
FCUserRun1_9,Logged In Successfully,809.0199999999999
FCUserRun1_10,Logged In Successfully,773.4599999999999
FCUserRun1_7,Logged In Successfully,785.0199999999999
FCUserRun1_12,Logged In Successfully,759.4
FCUserRun1_13,Logged In Successfully,795.9399999999998
FCUserRun1_14,Logged In Successfully,770.38
FCUserRun1_15,Logged In Successfully,801.02
FCUserRun1_11,Logged In Successfully,845.96
FCUserRun1_19,Logged In Successfully,783.02
FCUserRun1_16,Logged In Successfully,788.42
FCUserRun1_18,Logged In Successfully,780.3799999999999
FCUserRun1_17,Logged In Successfully,799.02
FCUserRun1_20,Logged In Successfully,766.42
FCUserRun1_21,Logged In Successfully,747.42
FCUserRun1_23,Logged In Successfully,775.42
FCUserRun1_22,Logged In Successfully,779.42
FCUserRun1_27,Logged In Successfully,791.4399999999999
FCUserRun1_26,Logged In Successfully,776.4399999999999
FCUserRun1_24,Logged In Successfully,767.4399999999999
FCUserRun1_30,Logged In Successfully,743.5
FCUserRun1_29,Logged In Successfully,761.4799999999999
FCUserRun1_28,Logged In Successfully,814.4599999999999
FCUserRun1_25,Logged In Successfully,755.4399999999999
FCUserRun1_32,Logged In Successfully,769.5199999999999
FCUserRun1_34,Logged In Successfully,749.54
FCUserRun1_35,Logged In Successfully,783.56
FCUserRun1_33,Logged In Successfully,766.5199999999999
FCUserRun1_38,Logged In Successfully,707.56
FCUserRun1_31,Logged In Successfully,727.5199999999999
FCUserRun1_36,Logged In Successfully,714.56
FCUserRun1_40,Logged In Successfully,783.56
FCUserRun1_41,Logged In Successfully,814.5999999999999
FCUserRun1_39,Logged In Successfully,797.56
FCUserRun1_42,Logged In Successfully,724.54
FCUserRun1_45,Logged In Successfully,714.56
FCUserRun1_46,Logged In Successfully,741.56
FCUserRun1_37,Logged In Successfully,743.5799999999999
FCUserRun1_44,Logged In Successfully,735.54
FCUserRun1_51,Logged In Successfully,880.5799999999999
FCUserRun1_52,Logged In Successfully,775.56
FCUserRun1_48,Logged In Successfully,734.5999999999999
FCUserRun1_49,Logged In Successfully,750.5999999999999
FCUserRun1_50,Logged In Successfully,748.5999999999999
FCUserRun1_58,Logged In Successfully,717.66
FCUserRun1_47,Logged In Successfully,746.56
FCUserRun1_43,Logged In Successfully,755.5799999999999
FCUserRun1_53,Logged In Successfully,709.64
FCUserRun1_56,Logged In Successfully,694.6
FCUserRun1_57,Logged In Successfully,797.64
FCUserRun1_54,Logged In Successfully,708.6
FCUserRun1_62,Logged In Successfully,688.64
FCUserRun1_59,Logged In Successfully,704.64
FCUserRun1_60,Logged In Successfully,723.6
FCUserRun1_61,Logged In Successfully,679.62
FCUserRun1_66,Logged In Successfully,703.64
FCUserRun1_68,Logged In Successfully,764.66
FCUserRun1_67,Logged In Successfully,770.68
FCUserRun1_63,Logged In Successfully,739.64
FCUserRun1_55,Logged In Successfully,724.6
FCUserRun1_64,Logged In Successfully,740.66
FCUserRun1_65,Logged In Successfully,708.64
FCUserRun1_71,Logged In Successfully,701.6999999999999
FCUserRun1_70,Logged In Successfully,705.64
FCUserRun1_75,Logged In Successfully,745.7199999999999
FCUserRun1_69,Logged In Successfully,808.68
FCUserRun1_76,Logged In Successfully,712.7199999999999
FCUserRun1_72,Logged In Successfully,794.7199999999999
FCUserRun1_82,Logged In Successfully,736.7199999999999
FCUserRun1_73,Logged In Successfully,725.7399999999999
FCUserRun1_77,Logged In Successfully,694.7399999999999
FCUserRun1_80,Logged In Successfully,722.7199999999999
FCUserRun1_83,Logged In Successfully,725.7199999999999
FCUserRun1_85,Logged In Successfully,740.7599999999999
FCUserRun1_84,Logged In Successfully,732.7599999999999
FCUserRun1_78,Logged In Successfully,703.7199999999999
FCUserRun1_88,Logged In Successfully,733.8
FCUserRun1_79,Logged In Successfully,713.7399999999999
FCUserRun1_86,Logged In Successfully,718.7599999999999
FCUserRun1_90,Logged In Successfully,734.78
FCUserRun1_94,Logged In Successfully,709.8
FCUserRun1_89,Logged In Successfully,703.78
FCUserRun1_97,Logged In Successfully,745.8
FCUserRun1_92,Logged In Successfully,701.78
FCUserRun1_91,Logged In Successfully,730.8
FCUserRun1_95,Logged In Successfully,690.8399999999999
FCUserRun1_96,Logged In Successfully,773.8199999999999
FCUserRun1_101,Logged In Successfully,628.5400000000001
FCUserRun1_102,Logged In Successfully,755.04
FCUserRun1_98,Logged In Successfully,741.8
FCUserRun1_99,Logged In Successfully,717.8199999999999
FCUserRun1_105,Logged In Successfully,689.04
FCUserRun1_111,Logged In Successfully,671.14
FCUserRun1_103,Logged In Successfully,750.02
FCUserRun1_104,Logged In Successfully,682.12
FCUserRun1_110,Logged In Successfully,653.04
FCUserRun1_109,Logged In Successfully,774.04
FCUserRun1_113,Logged In Successfully,684.14
FCUserRun1_117,Logged In Successfully,671.1
FCUserRun1_114,Logged In Successfully,640.1
FCUserRun1_115,Logged In Successfully,683.1
FCUserRun1_116,Logged In Successfully,660.1
FCUserRun1_121,Logged In Successfully,663.12
FCUserRun1_122,Logged In Successfully,631.0799999999999
FCUserRun1_123,Logged In Successfully,719.08
FCUserRun1_120,Logged In Successfully,719.12
FCUserRun1_127,Logged In Successfully,700.1
FCUserRun1_128,Logged In Successfully,683.12
FCUserRun1_126,Logged In Successfully,689.1
FCUserRun1_130,Logged In Successfully,702.14
FCUserRun1_137,Logged In Successfully,737.12
FCUserRun1_133,Logged In Successfully,734.12
FCUserRun1_146,Logged In Successfully,764.12
FCUserRun1_140,Logged In Successfully,716.12
FCUserRun1_139,Logged In Successfully,669.12
FCUserRun1_138,Logged In Successfully,692.12
FCUserRun1_143,Logged In Successfully,657.14
FCUserRun1_153,Logged In Successfully,754.18
FCUserRun1_151,Logged In Successfully,690.18
FCUserRun1_141,Logged In Successfully,688.12
FCUserRun1_149,Logged In Successfully,709.16
FCUserRun1_163,Logged In Successfully,645.2199999999999
FCUserRun1_160,Logged In Successfully,663.1999999999999
FCUserRun1_148,Logged In Successfully,711.14
FCUserRun1_152,Logged In Successfully,672.18
FCUserRun1_156,Logged In Successfully,673.1999999999999
FCUserRun1_169,Logged In Successfully,749.2599999999999
FCUserRun1_165,Logged In Successfully,709.2199999999999
FCUserRun1_171,Logged In Successfully,670.2599999999999
FCUserRun1_176,Logged In Successfully,779.2199999999999
FCUserRun1_179,Logged In Successfully,660.28
FCUserRun1_173,Logged In Successfully,645.2399999999999
FCUserRun1_184,Logged In Successfully,660.26
FCUserRun1_175,Logged In Successfully,635.2199999999999
FCUserRun1_167,Logged In Successfully,654.2199999999999
FCUserRun1_188,Logged In Successfully,675.3000000000001
FCUserRun1_178,Logged In Successfully,622.2199999999999
FCUserRun1_190,Logged In Successfully,690.3000000000001
FCUserRun1_186,Logged In Successfully,666.3000000000001
FCUserRun1_195,Logged In Successfully,663.34
FCUserRun1_194,Logged In Successfully,716.28
FCUserRun1_198,Logged In Successfully,692.32
FCUserRun1_206,Logged In Successfully,637.34
FCUserRun1_204,Logged In Successfully,711.34
FCUserRun1_207,Logged In Successfully,715.34
FCUserRun1_203,Logged In Successfully,659.36
FCUserRun1_216,Logged In Successfully,878.34
FCUserRun1_212,Logged In Successfully,892.38
FCUserRun1_214,Logged In Successfully,911.34
FCUserRun1_217,Logged In Successfully,882.36
FCUserRun1_227,Logged In Successfully,852.4
FCUserRun1_220,Logged In Successfully,882.38
FCUserRun1_229,Logged In Successfully,802.38
FCUserRun1_231,Logged In Successfully,773.38
FCUserRun1_237,Logged In Successfully,753.4200000000001
FCUserRun1_240,Logged In Successfully,741.4000000000001
FCUserRun1_249,Logged In Successfully,750.38
FCUserRun1_238,Logged In Successfully,801.4000000000001
FCUserRun1_250,Logged In Successfully,735.44
FCUserRun1_246,Logged In Successfully,743.4000000000001
FCUserRun1_245,Logged In Successfully,760.4000000000001
FCUserRun1_263,Logged In Successfully,753.46
FCUserRun1_257,Logged In Successfully,785.4200000000001
FCUserRun1_260,Logged In Successfully,782.46
FCUserRun1_271,Logged In Successfully,771.44
FCUserRun1_259,Logged In Successfully,725.4600000000002
FCUserRun1_269,Logged In Successfully,771.4200000000001
FCUserRun1_284,Logged In Successfully,752.4800000000001
FCUserRun1_277,Logged In Successfully,760.4600000000002
FCUserRun1_282,Logged In Successfully,753.4600000000002
FCUserRun1_292,Logged In Successfully,754.5400000000001
FCUserRun1_297,Logged In Successfully,781.5400000000001
FCUserRun1_298,Logged In Successfully,744.5400000000001
FCUserRun1_286,Logged In Successfully,766.5000000000001
FCUserRun1_293,Logged In Successfully,727.5400000000001
FCUserRun1_306,Logged In Successfully,772.5200000000001
FCUserRun1_295,Logged In Successfully,773.5
FCUserRun1_310,Logged In Successfully,732.5400000000001
FCUserRun1_313,Logged In Successfully,728.5400000000001
FCUserRun1_314,Logged In Successfully,733.5400000000001
FCUserRun1_317,Logged In Successfully,727.5400000000001
FCUserRun1_323,Logged In Successfully,737.5400000000001
FCUserRun1_332,Logged In Successfully,715.5600000000001
FCUserRun1_324,Logged In Successfully,779.5400000000001
FCUserRun1_337,Logged In Successfully,740.5600000000001
FCUserRun1_335,Logged In Successfully,716.5600000000001
FCUserRun1_341,Logged In Successfully,761.5600000000001
FCUserRun1_349,Logged In Successfully,731.58
FCUserRun1_342,Logged In Successfully,735.5600000000001
FCUserRun1_343,Logged In Successfully,749.58
FCUserRun1_352,Logged In Successfully,717.58
FCUserRun1_353,Logged In Successfully,693.58
FCUserRun1_355,Logged In Successfully,746.58
FCUserRun1_364,Logged In Successfully,735.6000000000001
FCUserRun1_369,Logged In Successfully,714.6200000000001
FCUserRun1_365,Logged In Successfully,761.6200000000001
FCUserRun1_371,Logged In Successfully,701.6200000000001
FCUserRun1_380,Logged In Successfully,705.6400000000001
FCUserRun1_375,Logged In Successfully,748.6200000000001
FCUserRun1_378,Logged In Successfully,716.6000000000001
FCUserRun1_379,Logged In Successfully,721.6400000000001
FCUserRun1_388,Logged In Successfully,713.6200000000001
FCUserRun1_391,Logged In Successfully,736.6600000000001
FCUserRun1_396,Logged In Successfully,709.6800000000001
FCUserRun1_399,Logged In Successfully,714.66
FCUserRun1_395,Logged In Successfully,696.6600000000001
FCUserRun1_397,Logged In Successfully,712.66
FCUserRun1_414,Logged In Successfully,664.72
FCUserRun1_417,Logged In Successfully,724.72
FCUserRun1_416,Logged In Successfully,725.74
FCUserRun1_422,Logged In Successfully,722.7
FCUserRun1_420,Logged In Successfully,689.7
FCUserRun1_425,Logged In Successfully,719.7
FCUserRun1_428,Logged In Successfully,689.7
FCUserRun1_432,Logged In Successfully,711.72
FCUserRun1_435,Logged In Successfully,705.74
FCUserRun1_441,Logged In Successfully,701.74
FCUserRun1_442,Logged In Successfully,694.74
FCUserRun1_450,Logged In Successfully,667.7400000000001
FCUserRun1_443,Logged In Successfully,703.74
FCUserRun1_446,Logged In Successfully,687.7400000000001
FCUserRun1_449,Logged In Successfully,684.74
FCUserRun1_466,Logged In Successfully,668.7600000000001
FCUserRun1_460,Logged In Successfully,695.7600000000001
FCUserRun1_467,Logged In Successfully,685.7400000000001
FCUserRun1_474,Logged In Successfully,691.7600000000001
FCUserRun1_471,Logged In Successfully,739.7600000000001
FCUserRun1_481,Logged In Successfully,652.7600000000001
FCUserRun1_482,Logged In Successfully,695.7600000000001
FCUserRun1_475,Logged In Successfully,716.7600000000001
FCUserRun1_476,Logged In Successfully,667.7600000000001
FCUserRun1_490,Logged In Successfully,688.8000000000001
FCUserRun1_487,Logged In Successfully,711.8000000000001
FCUserRun1_496,Logged In Successfully,675.84
FCUserRun1_498,Logged In Successfully,688.88
FCUserRun1_494,Logged In Successfully,694.84
FCUserRun1_500,Logged In Successfully,703.86
FCUserRun1_512,Logged In Successfully,663.86
FCUserRun1_515,Logged In Successfully,736.9
FCUserRun1_521,Logged In Successfully,740.88
FCUserRun1_522,Logged In Successfully,704.88
FCUserRun1_526,Logged In Successfully,757.88
FCUserRun1_527,Logged In Successfully,701.86
FCUserRun1_525,Logged In Successfully,744.86
FCUserRun1_531,Logged In Successfully,709.88
FCUserRun1_529,Logged In Successfully,681.88
FCUserRun1_532,Logged In Successfully,679.86
FCUserRun1_541,Logged In Successfully,708.88
FCUserRun1_544,Logged In Successfully,701.88
FCUserRun1_546,Logged In Successfully,706.88
FCUserRun1_549,Logged In Successfully,710.86
FCUserRun1_550,Logged In Successfully,720.88
FCUserRun1_560,Logged In Successfully,732.88
FCUserRun1_563,Logged In Successfully,691.86
FCUserRun1_569,Logged In Successfully,709.88
FCUserRun1_574,Logged In Successfully,667.88
FCUserRun1_573,Logged In Successfully,678.88
FCUserRun1_572,Logged In Successfully,696.88
FCUserRun1_577,Logged In Successfully,711.88
FCUserRun1_579,Logged In Successfully,743.88
FCUserRun1_580,Logged In Successfully,748.86
FCUserRun1_583,Logged In Successfully,687.88
FCUserRun1_590,Logged In Successfully,739.88
FCUserRun1_593,Logged In Successfully,744.88
FCUserRun1_591,Logged In Successfully,736.88
FCUserRun1_598,Logged In Successfully,721.88
FCUserRun1_602,Logged In Successfully,737.88
FCUserRun1_609,Logged In Successfully,713.82
FCUserRun1_608,Logged In Successfully,702.84
FCUserRun1_619,Logged In Successfully,690.86
FCUserRun1_625,Logged In Successfully,685.86
FCUserRun1_622,Logged In Successfully,733.9
FCUserRun1_623,Logged In Successfully,723.88
FCUserRun1_628,Logged In Successfully,750.86
FCUserRun1_630,Logged In Successfully,756.86
FCUserRun1_629,Logged In Successfully,737.88
FCUserRun1_633,Logged In Successfully,738.9
FCUserRun1_636,Logged In Successfully,765.88
FCUserRun1_642,Logged In Successfully,692.92
FCUserRun1_644,Logged In Successfully,704.86
FCUserRun1_648,Logged In Successfully,759.9
FCUserRun1_654,Logged In Successfully,740.9
FCUserRun1_662,Logged In Successfully,717.88
FCUserRun1_669,Logged In Successfully,715.9
FCUserRun1_665,Logged In Successfully,745.9
FCUserRun1_667,Logged In Successfully,797.88
FCUserRun1_672,Logged In Successfully,791.9
FCUserRun1_677,Logged In Successfully,681.9
FCUserRun1_675,Logged In Successfully,698.9
FCUserRun1_676,Logged In Successfully,779.88
FCUserRun1_678,Logged In Successfully,729.9
FCUserRun1_681,Logged In Successfully,710.9
FCUserRun1_684,Logged In Successfully,698.9
FCUserRun1_690,Logged In Successfully,731.9
FCUserRun1_696,Logged In Successfully,722.9
FCUserRun1_699,Logged In Successfully,715.9
FCUserRun1_702,Logged In Successfully,757.9
FCUserRun1_713,Logged In Successfully,637.92
FCUserRun1_721,Logged In Successfully,635.92
FCUserRun1_722,Logged In Successfully,629.92
FCUserRun1_717,Logged In Successfully,634.9
FCUserRun1_720,Logged In Successfully,665.92
FCUserRun1_726,Logged In Successfully,702.92
FCUserRun1_732,Logged In Successfully,714.94
FCUserRun1_727,Logged In Successfully,678.92
FCUserRun1_729,Logged In Successfully,671.94
FCUserRun1_730,Logged In Successfully,679.94
FCUserRun1_737,Logged In Successfully,725.86
FCUserRun1_743,Logged In Successfully,676.88
FCUserRun1_744,Logged In Successfully,760.88
FCUserRun1_747,Logged In Successfully,699.94
FCUserRun1_755,Logged In Successfully,704.94
FCUserRun1_761,Logged In Successfully,702.94
FCUserRun1_769,Logged In Successfully,664.94
FCUserRun1_770,Logged In Successfully,669.94
FCUserRun1_766,Logged In Successfully,693.94
FCUserRun1_768,Logged In Successfully,720.94
FCUserRun1_777,Logged In Successfully,740.94
FCUserRun1_776,Logged In Successfully,673.92
FCUserRun1_782,Logged In Successfully,686.92
FCUserRun1_783,Logged In Successfully,715.94
FCUserRun1_788,Logged In Successfully,726.94
FCUserRun1_781,Logged In Successfully,710.94
FCUserRun1_794,Logged In Successfully,687.9
FCUserRun1_795,Logged In Successfully,683.94
FCUserRun1_796,Logged In Successfully,694.94
FCUserRun1_804,Logged In Successfully,702.94
FCUserRun1_810,Logged In Successfully,685.94
FCUserRun1_817,Logged In Successfully,697.94
FCUserRun1_815,Logged In Successfully,704.94
FCUserRun1_823,Logged In Successfully,677.94
FCUserRun1_821,Logged In Successfully,725.94
FCUserRun1_820,Logged In Successfully,739.94
FCUserRun1_836,Logged In Successfully,702.94
FCUserRun1_827,Logged In Successfully,711.94
FCUserRun1_834,Logged In Successfully,714.94
FCUserRun1_831,Logged In Successfully,703.94
FCUserRun1_839,Logged In Successfully,683.94
FCUserRun1_847,Logged In Successfully,706.94
FCUserRun1_843,Logged In Successfully,658.94
FCUserRun1_844,Logged In Successfully,695.94
FCUserRun1_854,Logged In Successfully,702.94
FCUserRun1_857,Logged In Successfully,692.94
FCUserRun1_864,Logged In Successfully,737.94
FCUserRun1_868,Logged In Successfully,663.96
FCUserRun1_871,Logged In Successfully,686.96
FCUserRun1_870,Logged In Successfully,720.94
FCUserRun1_872,Logged In Successfully,697.96
FCUserRun1_877,Logged In Successfully,687.94
FCUserRun1_882,Logged In Successfully,675.96
FCUserRun1_879,Logged In Successfully,696.94
FCUserRun1_886,Logged In Successfully,664.92
FCUserRun1_881,Logged In Successfully,663.96
FCUserRun1_895,Logged In Successfully,669.94
FCUserRun1_897,Logged In Successfully,681.96
FCUserRun1_894,Logged In Successfully,662.96
FCUserRun1_901,Logged In Successfully,644.96
FCUserRun1_908,Logged In Successfully,689.94
FCUserRun1_918,Logged In Successfully,641.94
FCUserRun1_921,Logged In Successfully,694.94
FCUserRun1_915,Logged In Successfully,658.96
FCUserRun1_917,Logged In Successfully,664.94
FCUserRun1_923,Logged In Successfully,650.96
FCUserRun1_929,Logged In Successfully,675.96
FCUserRun1_928,Logged In Successfully,669.96
FCUserRun1_930,Logged In Successfully,682.94
FCUserRun1_933,Logged In Successfully,662.98
FCUserRun1_941,Logged In Successfully,673.98
FCUserRun1_936,Logged In Successfully,676.96
FCUserRun1_944,Logged In Successfully,678
FCUserRun1_948,Logged In Successfully,652
FCUserRun1_950,Logged In Successfully,680
FCUserRun1_959,Logged In Successfully,660
FCUserRun1_967,Logged In Successfully,649
FCUserRun1_964,Logged In Successfully,682.98
FCUserRun1_971,Logged In Successfully,693
FCUserRun1_969,Logged In Successfully,714.98
FCUserRun1_975,Logged In Successfully,711
FCUserRun1_976,Logged In Successfully,692.96
FCUserRun1_978,Logged In Successfully,702.92
FCUserRun1_983,Logged In Successfully,671
FCUserRun1_993,Logged In Successfully,664
FCUserRun1_992,Logged In Successfully,695
FCUserRun1_990,Logged In Successfully,664
FCUserRun1_991,Logged In Successfully,660
FCUserRun1_1002,Logged In Successfully,542.98
FCUserRun1_1001,Logged In Successfully,539.98
FCUserRun1_1008,Logged In Successfully,539.98
FCUserRun1_1013,Logged In Successfully,536.98
FCUserRun1_1019,Logged In Successfully,535.98
FCUserRun1_1017,Logged In Successfully,536.98
FCUserRun1_1021,Logged In Successfully,521.98
FCUserRun1_1025,Logged In Successfully,536.98
FCUserRun1_1026,Logged In Successfully,536.98
FCUserRun1_1033,Logged In Successfully,535.98
FCUserRun1_1028,Logged In Successfully,534.98
FCUserRun1_1040,Logged In Successfully,521.98
FCUserRun1_1037,Logged In Successfully,535.98
FCUserRun1_1043,Logged In Successfully,539.98
FCUserRun1_1050,Logged In Successfully,535.96
FCUserRun1_1046,Logged In Successfully,533.96
FCUserRun1_1054,Logged In Successfully,535.98
FCUserRun1_1058,Logged In Successfully,538.98
FCUserRun1_1061,Logged In Successfully,536.98
FCUserRun1_1065,Logged In Successfully,539.98
FCUserRun1_1069,Logged In Successfully,538
FCUserRun1_1068,Logged In Successfully,536.98
FCUserRun1_1072,Logged In Successfully,534.98
FCUserRun1_1076,Logged In Successfully,539.98
FCUserRun1_1078,Logged In Successfully,535.98
FCUserRun1_1079,Logged In Successfully,536.98
FCUserRun1_1086,Logged In Successfully,534.98
FCUserRun1_1091,Logged In Successfully,537.98
FCUserRun1_1092,Logged In Successfully,538.96
FCUserRun1_1097,Logged In Successfully,534.98
FCUserRun1_1099,Logged In Successfully,534.98
FCUserRun1_1104,Logged In Successfully,539.96
FCUserRun1_1110,Logged In Successfully,533.98
FCUserRun1_1109,Logged In Successfully,537.96
FCUserRun1_1108,Logged In Successfully,532.98
FCUserRun1_1120,Logged In Successfully,535.98
FCUserRun1_1124,Logged In Successfully,537.98
FCUserRun1_1121,Logged In Successfully,536.98
FCUserRun1_1127,Logged In Successfully,536.98
FCUserRun1_1130,Logged In Successfully,537.98
FCUserRun1_1125,Logged In Successfully,533.98
FCUserRun1_1136,Logged In Successfully,537.98
FCUserRun1_1139,Logged In Successfully,532.98
FCUserRun1_1140,Logged In Successfully,528.98
FCUserRun1_1147,Logged In Successfully,529.98
FCUserRun1_1149,Logged In Successfully,524.98
FCUserRun1_1158,Logged In Successfully,525.98
FCUserRun1_1156,Logged In Successfully,525.98
FCUserRun1_1157,Logged In Successfully,528.98
FCUserRun1_1160,Logged In Successfully,525.98
FCUserRun1_1166,Logged In Successfully,524.98
FCUserRun1_1173,Logged In Successfully,526.98
FCUserRun1_1175,Logged In Successfully,525.98
FCUserRun1_1177,Logged In Successfully,522.98
FCUserRun1_1178,Logged In Successfully,525.98
FCUserRun1_1174,Logged In Successfully,525.98
FCUserRun1_1187,Logged In Successfully,523.98
FCUserRun1_1186,Logged In Successfully,520.98
FCUserRun1_1193,Logged In Successfully,530.98
FCUserRun1_1198,Logged In Successfully,531.96
FCUserRun1_1199,Logged In Successfully,530.96
FCUserRun1_1206,Logged In Successfully,530.96
FCUserRun1_1207,Logged In Successfully,533.96
FCUserRun1_1210,Logged In Successfully,534.96
FCUserRun1_1208,Logged In Successfully,531.98
FCUserRun1_1217,Logged In Successfully,530.98
FCUserRun1_1225,Logged In Successfully,531.96
FCUserRun1_1228,Logged In Successfully,533.96
FCUserRun1_1223,Logged In Successfully,535.96
FCUserRun1_1226,Logged In Successfully,533.96
FCUserRun1_1231,Logged In Successfully,531.98
FCUserRun1_1236,Logged In Successfully,530.96
FCUserRun1_1237,Logged In Successfully,528.96
FCUserRun1_1242,Logged In Successfully,536.98
FCUserRun1_1248,Logged In Successfully,521.98
FCUserRun1_1250,Logged In Successfully,530.98
FCUserRun1_1256,Logged In Successfully,531.98
FCUserRun1_1261,Logged In Successfully,523.98
FCUserRun1_1257,Logged In Successfully,533.98
FCUserRun1_1260,Logged In Successfully,537.96
FCUserRun1_1270,Logged In Successfully,540.96
FCUserRun1_1273,Logged In Successfully,533.98
FCUserRun1_1272,Logged In Successfully,533.98
FCUserRun1_1274,Logged In Successfully,533.98
FCUserRun1_1277,Logged In Successfully,534.98
FCUserRun1_1282,Logged In Successfully,535.98
FCUserRun1_1284,Logged In Successfully,536.98
FCUserRun1_1291,Logged In Successfully,536.98
FCUserRun1_1294,Logged In Successfully,529
FCUserRun1_1297,Logged In Successfully,530
FCUserRun1_1299,Logged In Successfully,518
FCUserRun1_1305,Logged In Successfully,528
FCUserRun1_1308,Logged In Successfully,531
FCUserRun1_1313,Logged In Successfully,527
FCUserRun1_1312,Logged In Successfully,529.98
FCUserRun1_1318,Logged In Successfully,526
FCUserRun1_1322,Logged In Successfully,529
FCUserRun1_1324,Logged In Successfully,513
FCUserRun1_1326,Logged In Successfully,528
FCUserRun1_1327,Logged In Successfully,531
FCUserRun1_1329,Logged In Successfully,528
FCUserRun1_1333,Logged In Successfully,527
FCUserRun1_1345,Logged In Successfully,525
FCUserRun1_1342,Logged In Successfully,533
FCUserRun1_1346,Logged In Successfully,528
FCUserRun1_1347,Logged In Successfully,526
FCUserRun1_1355,Logged In Successfully,531
FCUserRun1_1362,Logged In Successfully,526
FCUserRun1_1359,Logged In Successfully,528
FCUserRun1_1363,Logged In Successfully,524
FCUserRun1_1364,Logged In Successfully,531
FCUserRun1_1374,Logged In Successfully,520
FCUserRun1_1371,Logged In Successfully,527
FCUserRun1_1375,Logged In Successfully,520
FCUserRun1_1379,Logged In Successfully,520
FCUserRun1_1381,Logged In Successfully,517
FCUserRun1_1383,Logged In Successfully,518
FCUserRun1_1392,Logged In Successfully,519
FCUserRun1_1393,Logged In Successfully,519
FCUserRun1_1396,Logged In Successfully,519
FCUserRun1_1399,Logged In Successfully,517
FCUserRun1_1408,Logged In Successfully,523
FCUserRun1_1411,Logged In Successfully,515
FCUserRun1_1410,Logged In Successfully,518
FCUserRun1_1416,Logged In Successfully,524
FCUserRun1_1418,Logged In Successfully,521
FCUserRun1_1421,Logged In Successfully,521
FCUserRun1_1427,Logged In Successfully,510
FCUserRun1_1425,Logged In Successfully,520
FCUserRun1_1428,Logged In Successfully,527
FCUserRun1_1434,Logged In Successfully,523
FCUserRun1_1433,Logged In Successfully,527
FCUserRun1_1442,Logged In Successfully,523
FCUserRun1_1440,Logged In Successfully,527
FCUserRun1_1447,Logged In Successfully,520
FCUserRun1_1444,Logged In Successfully,525
FCUserRun1_1457,Logged In Successfully,525
FCUserRun1_1465,Logged In Successfully,521
FCUserRun1_1460,Logged In Successfully,525
FCUserRun1_1461,Logged In Successfully,515
FCUserRun1_1471,Logged In Successfully,521
FCUserRun1_1468,Logged In Successfully,523
FCUserRun1_1479,Logged In Successfully,522
FCUserRun1_1478,Logged In Successfully,521
FCUserRun1_1476,Logged In Successfully,527
FCUserRun1_1489,Logged In Successfully,522
FCUserRun1_1482,Logged In Successfully,523
FCUserRun1_1480,Logged In Successfully,520
FCUserRun1_1493,Logged In Successfully,524
FCUserRun1_1496,Logged In Successfully,522
FCUserRun1_1491,Logged In Successfully,520
FCUserRun1_1506,Logged In Successfully,525
FCUserRun1_1510,Logged In Successfully,523
FCUserRun1_1511,Logged In Successfully,510
FCUserRun1_1513,Logged In Successfully,523
FCUserRun1_1519,Logged In Successfully,522
FCUserRun1_1517,Logged In Successfully,524
FCUserRun1_1525,Logged In Successfully,521
FCUserRun1_1532,Logged In Successfully,521
FCUserRun1_1534,Logged In Successfully,525
FCUserRun1_1536,Logged In Successfully,521
FCUserRun1_1538,Logged In Successfully,512
FCUserRun1_1533,Logged In Successfully,522
FCUserRun1_1540,Logged In Successfully,516
FCUserRun1_1546,Logged In Successfully,521
FCUserRun1_1542,Logged In Successfully,527
FCUserRun1_1556,Logged In Successfully,523
FCUserRun1_1558,Logged In Successfully,530
FCUserRun1_1551,Logged In Successfully,519
FCUserRun1_1563,Logged In Successfully,526
FCUserRun1_1570,Logged In Successfully,522
FCUserRun1_1566,Logged In Successfully,525
FCUserRun1_1576,Logged In Successfully,520
FCUserRun1_1582,Logged In Successfully,525
FCUserRun1_1583,Logged In Successfully,519
FCUserRun1_1589,Logged In Successfully,517
FCUserRun1_1591,Logged In Successfully,518
FCUserRun1_1584,Logged In Successfully,513
FCUserRun1_1585,Logged In Successfully,520
FCUserRun1_1636,Logged In Successfully,513
FCUserRun1_1590,Logged In Successfully,523
FCUserRun1_1640,Logged In Successfully,515
FCUserRun1_1638,Logged In Successfully,515
FCUserRun1_1598,Logged In Successfully,519
FCUserRun1_1605,Logged In Successfully,516
FCUserRun1_1652,Logged In Successfully,514
FCUserRun1_1602,Logged In Successfully,521
FCUserRun1_1607,Logged In Successfully,522
FCUserRun1_1621,Logged In Successfully,516
FCUserRun1_1613,Logged In Successfully,513
FCUserRun1_1617,Logged In Successfully,514
FCUserRun1_1673,Logged In Successfully,516
FCUserRun1_1623,Logged In Successfully,516
FCUserRun1_1630,Logged In Successfully,515
FCUserRun1_1641,Logged In Successfully,512
FCUserRun1_1643,Logged In Successfully,512
FCUserRun1_1646,Logged In Successfully,505
FCUserRun1_1653,Logged In Successfully,511
FCUserRun1_1691,Logged In Successfully,517
FCUserRun1_1692,Logged In Successfully,517
FCUserRun1_1654,Logged In Successfully,512
FCUserRun1_1707,Logged In Successfully,515
FCUserRun1_1663,Logged In Successfully,519
FCUserRun1_1657,Logged In Successfully,511
FCUserRun1_1664,Logged In Successfully,518
FCUserRun1_1717,Logged In Successfully,513
FCUserRun1_1669,Logged In Successfully,518
FCUserRun1_1687,Logged In Successfully,509
FCUserRun1_1723,Logged In Successfully,509
FCUserRun1_1699,Logged In Successfully,517
FCUserRun1_1746,Logged In Successfully,519
FCUserRun1_1709,Logged In Successfully,517
FCUserRun1_1734,Logged In Successfully,517
FCUserRun1_1719,Logged In Successfully,514
FCUserRun1_1729,Logged In Successfully,513
FCUserRun1_1747,Logged In Successfully,518
FCUserRun1_1768,Logged In Successfully,513
FCUserRun1_1716,Logged In Successfully,505
FCUserRun1_1758,Logged In Successfully,517
FCUserRun1_1736,Logged In Successfully,514
FCUserRun1_1720,Logged In Successfully,515
FCUserRun1_1787,Logged In Successfully,516
FCUserRun1_1744,Logged In Successfully,516
FCUserRun1_1794,Logged In Successfully,518
FCUserRun1_1749,Logged In Successfully,517
FCUserRun1_1801,Logged In Successfully,514
FCUserRun1_1750,Logged In Successfully,512
FCUserRun1_1776,Logged In Successfully,516
FCUserRun1_1770,Logged In Successfully,518
FCUserRun1_1790,Logged In Successfully,517
FCUserRun1_1765,Logged In Successfully,515
FCUserRun1_1777,Logged In Successfully,516
FCUserRun1_1792,Logged In Successfully,512
FCUserRun1_1784,Logged In Successfully,513
FCUserRun1_1791,Logged In Successfully,514
FCUserRun1_1814,Logged In Successfully,510
FCUserRun1_1826,Logged In Successfully,511
FCUserRun1_1829,Logged In Successfully,515
FCUserRun1_1799,Logged In Successfully,517
FCUserRun1_1821,Logged In Successfully,514
FCUserRun1_1825,Logged In Successfully,514
FCUserRun1_1815,Logged In Successfully,514
FCUserRun1_1822,Logged In Successfully,514
FCUserRun1_1837,Logged In Successfully,513
FCUserRun1_1828,Logged In Successfully,514
FCUserRun1_1831,Logged In Successfully,512
FCUserRun1_1834,Logged In Successfully,515
FCUserRun1_1841,Logged In Successfully,503
FCUserRun1_1865,Logged In Successfully,512
FCUserRun1_1855,Logged In Successfully,508
FCUserRun1_1854,Logged In Successfully,504
FCUserRun1_1883,Logged In Successfully,507
FCUserRun1_1863,Logged In Successfully,510
FCUserRun1_1875,Logged In Successfully,506
FCUserRun1_1866,Logged In Successfully,511
FCUserRun1_1868,Logged In Successfully,508
FCUserRun1_1880,Logged In Successfully,506
FCUserRun1_1882,Logged In Successfully,507
FCUserRun1_1877,Logged In Successfully,508
FCUserRun1_1887,Logged In Successfully,511
FCUserRun1_1894,Logged In Successfully,509
FCUserRun1_1879,Logged In Successfully,495
FCUserRun1_1900,Logged In Successfully,513
FCUserRun1_1908,Logged In Successfully,507
FCUserRun1_1896,Logged In Successfully,506
FCUserRun1_1921,Logged In Successfully,507
FCUserRun1_1917,Logged In Successfully,510
FCUserRun1_1911,Logged In Successfully,513
FCUserRun1_1924,Logged In Successfully,513
FCUserRun1_1925,Logged In Successfully,510
FCUserRun1_1923,Logged In Successfully,513
FCUserRun1_1932,Logged In Successfully,510
FCUserRun1_1928,Logged In Successfully,510
FCUserRun1_1935,Logged In Successfully,513
FCUserRun1_1941,Logged In Successfully,513
FCUserRun1_1940,Logged In Successfully,512
FCUserRun1_1944,Logged In Successfully,510
FCUserRun1_1946,Logged In Successfully,516
FCUserRun1_1956,Logged In Successfully,514
FCUserRun1_1960,Logged In Successfully,509
FCUserRun1_1962,Logged In Successfully,512
FCUserRun1_1966,Logged In Successfully,509
FCUserRun1_1963,Logged In Successfully,511
FCUserRun1_1971,Logged In Successfully,509
FCUserRun1_1970,Logged In Successfully,513
FCUserRun1_1972,Logged In Successfully,510
FCUserRun1_1977,Logged In Successfully,510
FCUserRun1_1980,Logged In Successfully,509
FCUserRun1_1982,Logged In Successfully,508
FCUserRun1_1988,Logged In Successfully,511
FCUserRun1_1987,Logged In Successfully,508
FCUserRun1_1995,Logged In Successfully,511
FCUserRun1_2003,Logged In Successfully,501.9
FCUserRun1_1994,Logged In Successfully,511
FCUserRun1_2016,Logged In Successfully,502.9
FCUserRun1_2012,Logged In Successfully,502.9
FCUserRun1_2014,Logged In Successfully,502.9
FCUserRun1_2022,Logged In Successfully,502.9
FCUserRun1_2018,Logged In Successfully,502.9
FCUserRun1_2023,Logged In Successfully,502.9
FCUserRun1_2026,Logged In Successfully,501.9
FCUserRun1_2031,Logged In Successfully,502.9
FCUserRun1_2029,Logged In Successfully,501.9
FCUserRun1_2057,Logged In Successfully,502.9
FCUserRun1_2030,Logged In Successfully,502.9
FCUserRun1_2037,Logged In Successfully,501.9
FCUserRun1_2070,Logged In Successfully,501.9
FCUserRun1_2060,Logged In Successfully,502.9
FCUserRun1_2067,Logged In Successfully,501.9
FCUserRun1_2044,Logged In Successfully,502.9
FCUserRun1_2046,Logged In Successfully,502.9
FCUserRun1_2050,Logged In Successfully,502.9
FCUserRun1_2059,Logged In Successfully,502.9
FCUserRun1_2101,Logged In Successfully,479.94
FCUserRun1_2093,Logged In Successfully,501.92
FCUserRun1_2083,Logged In Successfully,501.92
FCUserRun1_2069,Logged In Successfully,502.9
FCUserRun1_2110,Logged In Successfully,478.92
FCUserRun1_2111,Logged In Successfully,479.92
FCUserRun1_2066,Logged In Successfully,502.9
FCUserRun1_2080,Logged In Successfully,501.92
FCUserRun1_2097,Logged In Successfully,501.92
FCUserRun1_2079,Logged In Successfully,501.92
FCUserRun1_2130,Logged In Successfully,481.92
FCUserRun1_2120,Logged In Successfully,480.92
FCUserRun1_2089,Logged In Successfully,500.92
FCUserRun1_2091,Logged In Successfully,501.92
FCUserRun1_2102,Logged In Successfully,479.92
FCUserRun1_2142,Logged In Successfully,481.92
FCUserRun1_2144,Logged In Successfully,480.92
FCUserRun1_2132,Logged In Successfully,479.92
FCUserRun1_2138,Logged In Successfully,480.92
FCUserRun1_2141,Logged In Successfully,479.92
FCUserRun1_2146,Logged In Successfully,481.92
FCUserRun1_2156,Logged In Successfully,482.92
FCUserRun1_2115,Logged In Successfully,480.92
FCUserRun1_2119,Logged In Successfully,480.92
FCUserRun1_2157,Logged In Successfully,480.92
FCUserRun1_2121,Logged In Successfully,481.92
FCUserRun1_2176,Logged In Successfully,483.92
FCUserRun1_2170,Logged In Successfully,480.92
FCUserRun1_2133,Logged In Successfully,479.92
FCUserRun1_2191,Logged In Successfully,482.94
FCUserRun1_2189,Logged In Successfully,481.94
FCUserRun1_2182,Logged In Successfully,482.92
FCUserRun1_2155,Logged In Successfully,481.92
FCUserRun1_2201,Logged In Successfully,482.94
FCUserRun1_2158,Logged In Successfully,482.92
FCUserRun1_2165,Logged In Successfully,481.92
FCUserRun1_2208,Logged In Successfully,483.94
FCUserRun1_2169,Logged In Successfully,483.92
FCUserRun1_2174,Logged In Successfully,483.92
FCUserRun1_2180,Logged In Successfully,483.92
FCUserRun1_2236,Logged In Successfully,470.94
FCUserRun1_2177,Logged In Successfully,483.92
FCUserRun1_2192,Logged In Successfully,483.94
FCUserRun1_2244,Logged In Successfully,472.94
FCUserRun1_2250,Logged In Successfully,471.94
FCUserRun1_2186,Logged In Successfully,482.94
FCUserRun1_2195,Logged In Successfully,480.94
FCUserRun1_2254,Logged In Successfully,471.94
FCUserRun1_2203,Logged In Successfully,482.94
FCUserRun1_2209,Logged In Successfully,472.94
FCUserRun1_2283,Logged In Successfully,482.96
FCUserRun1_2289,Logged In Successfully,483.96
FCUserRun1_2217,Logged In Successfully,471.94
FCUserRun1_2227,Logged In Successfully,471.94
FCUserRun1_2221,Logged In Successfully,471.94
FCUserRun1_2222,Logged In Successfully,470.94
FCUserRun1_2231,Logged In Successfully,471.94
FCUserRun1_2310,Logged In Successfully,483.96
FCUserRun1_2300,Logged In Successfully,483.96
FCUserRun1_2257,Logged In Successfully,472.94
FCUserRun1_2323,Logged In Successfully,483.96
FCUserRun1_2311,Logged In Successfully,484.96
FCUserRun1_2255,Logged In Successfully,473.94
FCUserRun1_2256,Logged In Successfully,471.94
FCUserRun1_2328,Logged In Successfully,484.96
FCUserRun1_2334,Logged In Successfully,484.96
FCUserRun1_2267,Logged In Successfully,483.94
FCUserRun1_2273,Logged In Successfully,483.94
FCUserRun1_2340,Logged In Successfully,484.96
FCUserRun1_2338,Logged In Successfully,483.96
FCUserRun1_2274,Logged In Successfully,482.94
FCUserRun1_2354,Logged In Successfully,484.96
FCUserRun1_2275,Logged In Successfully,484.94
FCUserRun1_2359,Logged In Successfully,484.96
FCUserRun1_2369,Logged In Successfully,484.96
FCUserRun1_2277,Logged In Successfully,483.94
FCUserRun1_2362,Logged In Successfully,483.96
FCUserRun1_2298,Logged In Successfully,483.96
FCUserRun1_2365,Logged In Successfully,484.96
FCUserRun1_2282,Logged In Successfully,483.94
FCUserRun1_2376,Logged In Successfully,485.96
FCUserRun1_2301,Logged In Successfully,484.96
FCUserRun1_2380,Logged In Successfully,485.96
FCUserRun1_2294,Logged In Successfully,483.96
FCUserRun1_2384,Logged In Successfully,485.96
FCUserRun1_2389,Logged In Successfully,484.96
FCUserRun1_2318,Logged In Successfully,483.96
FCUserRun1_2393,Logged In Successfully,485.98
FCUserRun1_2399,Logged In Successfully,485.98
FCUserRun1_2333,Logged In Successfully,484.96
FCUserRun1_2336,Logged In Successfully,484.96
FCUserRun1_2358,Logged In Successfully,484.96
FCUserRun1_2347,Logged In Successfully,484.96
FCUserRun1_2446,Logged In Successfully,474.98
FCUserRun1_2439,Logged In Successfully,485.98
FCUserRun1_2461,Logged In Successfully,475.98
FCUserRun1_2468,Logged In Successfully,475.98
FCUserRun1_2352,Logged In Successfully,484.96
FCUserRun1_2377,Logged In Successfully,485.96
FCUserRun1_2474,Logged In Successfully,475.98
FCUserRun1_2373,Logged In Successfully,484.96
FCUserRun1_2379,Logged In Successfully,485.96
FCUserRun1_2478,Logged In Successfully,474.98
FCUserRun1_2480,Logged In Successfully,475.98
FCUserRun1_2381,Logged In Successfully,486.96
FCUserRun1_2387,Logged In Successfully,484.96
FCUserRun1_2485,Logged In Successfully,474.98
FCUserRun1_2486,Logged In Successfully,476.98
FCUserRun1_2498,Logged In Successfully,486
FCUserRun1_2394,Logged In Successfully,485.98
FCUserRun1_2398,Logged In Successfully,485.98
FCUserRun1_2403,Logged In Successfully,485.98
FCUserRun1_2505,Logged In Successfully,488
FCUserRun1_2497,Logged In Successfully,487
FCUserRun1_2510,Logged In Successfully,487
FCUserRun1_2512,Logged In Successfully,487
FCUserRun1_2402,Logged In Successfully,485.98
FCUserRun1_2518,Logged In Successfully,488
FCUserRun1_2519,Logged In Successfully,488
FCUserRun1_2525,Logged In Successfully,488
FCUserRun1_2408,Logged In Successfully,486.98
FCUserRun1_2531,Logged In Successfully,487
FCUserRun1_2532,Logged In Successfully,488
FCUserRun1_2535,Logged In Successfully,487
FCUserRun1_2434,Logged In Successfully,486.98
FCUserRun1_2537,Logged In Successfully,487
FCUserRun1_2545,Logged In Successfully,488
FCUserRun1_2544,Logged In Successfully,488
FCUserRun1_2454,Logged In Successfully,475.98
FCUserRun1_2457,Logged In Successfully,476.98
FCUserRun1_2561,Logged In Successfully,488
FCUserRun1_2549,Logged In Successfully,488
FCUserRun1_2563,Logged In Successfully,488
FCUserRun1_2576,Logged In Successfully,488
FCUserRun1_2483,Logged In Successfully,476.98
FCUserRun1_2572,Logged In Successfully,488
FCUserRun1_2589,Logged In Successfully,488
FCUserRun1_2585,Logged In Successfully,489
FCUserRun1_2590,Logged In Successfully,488
FCUserRun1_2595,Logged In Successfully,487
FCUserRun1_2603,Logged In Successfully,488
FCUserRun1_2494,Logged In Successfully,475
FCUserRun1_2521,Logged In Successfully,487
FCUserRun1_2609,Logged In Successfully,489
FCUserRun1_2499,Logged In Successfully,486
FCUserRun1_2615,Logged In Successfully,489
FCUserRun1_2547,Logged In Successfully,488
FCUserRun1_2624,Logged In Successfully,489
FCUserRun1_2618,Logged In Successfully,488
FCUserRun1_2501,Logged In Successfully,488
FCUserRun1_2550,Logged In Successfully,487
FCUserRun1_2634,Logged In Successfully,490
FCUserRun1_2621,Logged In Successfully,489
FCUserRun1_2520,Logged In Successfully,487
FCUserRun1_2552,Logged In Successfully,488
FCUserRun1_2636,Logged In Successfully,489
FCUserRun1_2646,Logged In Successfully,489
FCUserRun1_2639,Logged In Successfully,490
FCUserRun1_2626,Logged In Successfully,490
FCUserRun1_2522,Logged In Successfully,487
FCUserRun1_2536,Logged In Successfully,488
FCUserRun1_2650,Logged In Successfully,490
FCUserRun1_2652,Logged In Successfully,490
FCUserRun1_2670,Logged In Successfully,489
FCUserRun1_2567,Logged In Successfully,488
FCUserRun1_2675,Logged In Successfully,490
FCUserRun1_2677,Logged In Successfully,480
FCUserRun1_2668,Logged In Successfully,489
FCUserRun1_2649,Logged In Successfully,491
FCUserRun1_2671,Logged In Successfully,490
FCUserRun1_2690,Logged In Successfully,480
FCUserRun1_2656,Logged In Successfully,489
FCUserRun1_2682,Logged In Successfully,479
FCUserRun1_2699,Logged In Successfully,480
FCUserRun1_2701,Logged In Successfully,480
FCUserRun1_2697,Logged In Successfully,480
FCUserRun1_2591,Logged In Successfully,488
FCUserRun1_2612,Logged In Successfully,490
FCUserRun1_2647,Logged In Successfully,489
FCUserRun1_2702,Logged In Successfully,480
FCUserRun1_2723,Logged In Successfully,520
FCUserRun1_2661,Logged In Successfully,490
FCUserRun1_2631,Logged In Successfully,488
FCUserRun1_2664,Logged In Successfully,490
FCUserRun1_2686,Logged In Successfully,480
FCUserRun1_2653,Logged In Successfully,489
FCUserRun1_2679,Logged In Successfully,479
FCUserRun1_2727,Logged In Successfully,518
FCUserRun1_2749,Logged In Successfully,526
FCUserRun1_2706,Logged In Successfully,480
FCUserRun1_2711,Logged In Successfully,479
FCUserRun1_2712,Logged In Successfully,480
FCUserRun1_2722,Logged In Successfully,520
FCUserRun1_2738,Logged In Successfully,527
FCUserRun1_2742,Logged In Successfully,527
FCUserRun1_2721,Logged In Successfully,482
FCUserRun1_2759,Logged In Successfully,527
FCUserRun1_2685,Logged In Successfully,480
FCUserRun1_2758,Logged In Successfully,526
FCUserRun1_2800,Logged In Successfully,526
FCUserRun1_2741,Logged In Successfully,527
FCUserRun1_2807,Logged In Successfully,526
FCUserRun1_2707,Logged In Successfully,480
FCUserRun1_2795,Logged In Successfully,525
FCUserRun1_2805,Logged In Successfully,527
FCUserRun1_2806,Logged In Successfully,528
FCUserRun1_2817,Logged In Successfully,526
FCUserRun1_2771,Logged In Successfully,527
FCUserRun1_2814,Logged In Successfully,525
FCUserRun1_2820,Logged In Successfully,524
FCUserRun1_2735,Logged In Successfully,527
FCUserRun1_2791,Logged In Successfully,525
FCUserRun1_2757,Logged In Successfully,529
FCUserRun1_2854,Logged In Successfully,526
FCUserRun1_2848,Logged In Successfully,539
FCUserRun1_2775,Logged In Successfully,527
FCUserRun1_2781,Logged In Successfully,527
FCUserRun1_2853,Logged In Successfully,524
FCUserRun1_2824,Logged In Successfully,527
FCUserRun1_2825,Logged In Successfully,526
FCUserRun1_2798,Logged In Successfully,527
FCUserRun1_2790,Logged In Successfully,525
FCUserRun1_2869,Logged In Successfully,523
FCUserRun1_2811,Logged In Successfully,525
FCUserRun1_2867,Logged In Successfully,525
FCUserRun1_2879,Logged In Successfully,524
FCUserRun1_2868,Logged In Successfully,525
FCUserRun1_2897,Logged In Successfully,525
FCUserRun1_2895,Logged In Successfully,523
FCUserRun1_2828,Logged In Successfully,525
FCUserRun1_2821,Logged In Successfully,526
FCUserRun1_2901,Logged In Successfully,525
FCUserRun1_2907,Logged In Successfully,512
FCUserRun1_2900,Logged In Successfully,523
FCUserRun1_2904,Logged In Successfully,525
FCUserRun1_2902,Logged In Successfully,525
FCUserRun1_2910,Logged In Successfully,525
FCUserRun1_2896,Logged In Successfully,525
FCUserRun1_2894,Logged In Successfully,525
FCUserRun1_2832,Logged In Successfully,527
FCUserRun1_2899,Logged In Successfully,524
FCUserRun1_2938,Logged In Successfully,514
FCUserRun1_2933,Logged In Successfully,514
FCUserRun1_2930,Logged In Successfully,516
FCUserRun1_2944,Logged In Successfully,514
FCUserRun1_2950,Logged In Successfully,514
FCUserRun1_2838,Logged In Successfully,527
FCUserRun1_2925,Logged In Successfully,512
FCUserRun1_2935,Logged In Successfully,514
FCUserRun1_2941,Logged In Successfully,517
FCUserRun1_2949,Logged In Successfully,514
FCUserRun1_2951,Logged In Successfully,517
FCUserRun1_2954,Logged In Successfully,514
FCUserRun1_2952,Logged In Successfully,513
FCUserRun1_2963,Logged In Successfully,522
FCUserRun1_2953,Logged In Successfully,517
FCUserRun1_2961,Logged In Successfully,520
FCUserRun1_2969,Logged In Successfully,522
FCUserRun1_2959,Logged In Successfully,512
FCUserRun1_2981,Logged In Successfully,521
FCUserRun1_2983,Logged In Successfully,522
FCUserRun1_2926,Logged In Successfully,516
FCUserRun1_2982,Logged In Successfully,524
FCUserRun1_2976,Logged In Successfully,523
FCUserRun1_2936,Logged In Successfully,515
FCUserRun1_3000,Logged In Successfully,520
FCUserRun1_2998,Logged In Successfully,522
FCUserRun1_2942,Logged In Successfully,516
FCUserRun1_3003,Logged In Successfully,523
FCUserRun1_3019,Logged In Successfully,523
FCUserRun1_3027,Logged In Successfully,523
FCUserRun1_3015,Logged In Successfully,523
FCUserRun1_3024,Logged In Successfully,523
FCUserRun1_3030,Logged In Successfully,523
FCUserRun1_3031,Logged In Successfully,523
FCUserRun1_3048,Logged In Successfully,521
FCUserRun1_3023,Logged In Successfully,523
FCUserRun1_3050,Logged In Successfully,521
FCUserRun1_3052,Logged In Successfully,523
FCUserRun1_3036,Logged In Successfully,521
FCUserRun1_2989,Logged In Successfully,522
FCUserRun1_3038,Logged In Successfully,523
FCUserRun1_3041,Logged In Successfully,522
FCUserRun1_3047,Logged In Successfully,521
FCUserRun1_2994,Logged In Successfully,522
FCUserRun1_3017,Logged In Successfully,523
FCUserRun1_3043,Logged In Successfully,524
FCUserRun1_3064,Logged In Successfully,523
FCUserRun1_3097,Logged In Successfully,521
FCUserRun1_3005,Logged In Successfully,522
FCUserRun1_3074,Logged In Successfully,521
FCUserRun1_3071,Logged In Successfully,519
FCUserRun1_3075,Logged In Successfully,521
FCUserRun1_3073,Logged In Successfully,523
FCUserRun1_3076,Logged In Successfully,521
FCUserRun1_3080,Logged In Successfully,521
FCUserRun1_3091,Logged In Successfully,521
FCUserRun1_3093,Logged In Successfully,521
FCUserRun1_3087,Logged In Successfully,523
FCUserRun1_3124,Logged In Successfully,520
FCUserRun1_3123,Logged In Successfully,521
FCUserRun1_3058,Logged In Successfully,521
FCUserRun1_3102,Logged In Successfully,522
FCUserRun1_3107,Logged In Successfully,521
FCUserRun1_3069,Logged In Successfully,523
FCUserRun1_3141,Logged In Successfully,521
FCUserRun1_3145,Logged In Successfully,513
FCUserRun1_3135,Logged In Successfully,521
FCUserRun1_3146,Logged In Successfully,513
FCUserRun1_3142,Logged In Successfully,519
FCUserRun1_3116,Logged In Successfully,519
FCUserRun1_3112,Logged In Successfully,521
FCUserRun1_3079,Logged In Successfully,521
FCUserRun1_3144,Logged In Successfully,519
FCUserRun1_3155,Logged In Successfully,513
FCUserRun1_3168,Logged In Successfully,513
FCUserRun1_3169,Logged In Successfully,513
FCUserRun1_3175,Logged In Successfully,511
FCUserRun1_3156,Logged In Successfully,513
FCUserRun1_3159,Logged In Successfully,511
FCUserRun1_3213,Logged In Successfully,518
FCUserRun1_3127,Logged In Successfully,521
FCUserRun1_3121,Logged In Successfully,521
FCUserRun1_3197,Logged In Successfully,518
FCUserRun1_3177,Logged In Successfully,511
FCUserRun1_3184,Logged In Successfully,511
FCUserRun1_3162,Logged In Successfully,511
FCUserRun1_3205,Logged In Successfully,518
FCUserRun1_3187,Logged In Successfully,511
FCUserRun1_3236,Logged In Successfully,518
FCUserRun1_3154,Logged In Successfully,513
FCUserRun1_3191,Logged In Successfully,511
FCUserRun1_3152,Logged In Successfully,513
FCUserRun1_3157,Logged In Successfully,511
FCUserRun1_3250,Logged In Successfully,521
FCUserRun1_3161,Logged In Successfully,511
FCUserRun1_3262,Logged In Successfully,521
FCUserRun1_3165,Logged In Successfully,514
FCUserRun1_3228,Logged In Successfully,516
FCUserRun1_3229,Logged In Successfully,518
FCUserRun1_3277,Logged In Successfully,522
FCUserRun1_3231,Logged In Successfully,518
FCUserRun1_3280,Logged In Successfully,520
FCUserRun1_3232,Logged In Successfully,519
FCUserRun1_3252,Logged In Successfully,521
FCUserRun1_3256,Logged In Successfully,521
FCUserRun1_3251,Logged In Successfully,521
FCUserRun1_3233,Logged In Successfully,518
FCUserRun1_3245,Logged In Successfully,521
FCUserRun1_3297,Logged In Successfully,520
FCUserRun1_3298,Logged In Successfully,520
FCUserRun1_3299,Logged In Successfully,520
FCUserRun1_3305,Logged In Successfully,520
FCUserRun1_3300,Logged In Successfully,520
FCUserRun1_3306,Logged In Successfully,520
FCUserRun1_3248,Logged In Successfully,521
FCUserRun1_3290,Logged In Successfully,520
FCUserRun1_3261,Logged In Successfully,521
FCUserRun1_3274,Logged In Successfully,522
FCUserRun1_3320,Logged In Successfully,516
FCUserRun1_3270,Logged In Successfully,520
FCUserRun1_3226,Logged In Successfully,518
FCUserRun1_3332,Logged In Successfully,516
FCUserRun1_3331,Logged In Successfully,516
FCUserRun1_3254,Logged In Successfully,521
FCUserRun1_3302,Logged In Successfully,520
FCUserRun1_3296,Logged In Successfully,520
FCUserRun1_3292,Logged In Successfully,520
FCUserRun1_3351,Logged In Successfully,516
FCUserRun1_3353,Logged In Successfully,516
FCUserRun1_3341,Logged In Successfully,516
FCUserRun1_3323,Logged In Successfully,516
FCUserRun1_3360,Logged In Successfully,512
FCUserRun1_3363,Logged In Successfully,514
FCUserRun1_3307,Logged In Successfully,520
FCUserRun1_3336,Logged In Successfully,514
FCUserRun1_3317,Logged In Successfully,516
FCUserRun1_3362,Logged In Successfully,516
FCUserRun1_3400,Logged In Successfully,507
FCUserRun1_3418,Logged In Successfully,507
FCUserRun1_3333,Logged In Successfully,516
FCUserRun1_3330,Logged In Successfully,516
FCUserRun1_3414,Logged In Successfully,507
FCUserRun1_3361,Logged In Successfully,517
FCUserRun1_3367,Logged In Successfully,516
FCUserRun1_3337,Logged In Successfully,514
FCUserRun1_3426,Logged In Successfully,507
FCUserRun1_3430,Logged In Successfully,513
FCUserRun1_3406,Logged In Successfully,507
FCUserRun1_3431,Logged In Successfully,513
FCUserRun1_3383,Logged In Successfully,509
FCUserRun1_3394,Logged In Successfully,507
FCUserRun1_3447,Logged In Successfully,513
FCUserRun1_3358,Logged In Successfully,516
FCUserRun1_3345,Logged In Successfully,516
FCUserRun1_3359,Logged In Successfully,516
FCUserRun1_3441,Logged In Successfully,513
FCUserRun1_3456,Logged In Successfully,513
FCUserRun1_3459,Logged In Successfully,511
FCUserRun1_3417,Logged In Successfully,509
FCUserRun1_3386,Logged In Successfully,508
FCUserRun1_3463,Logged In Successfully,513
FCUserRun1_3472,Logged In Successfully,511
FCUserRun1_3485,Logged In Successfully,511
FCUserRun1_3427,Logged In Successfully,507
FCUserRun1_3428,Logged In Successfully,507
FCUserRun1_3425,Logged In Successfully,513
FCUserRun1_3443,Logged In Successfully,513
FCUserRun1_3435,Logged In Successfully,513
FCUserRun1_3481,Logged In Successfully,513
FCUserRun1_3475,Logged In Successfully,511
FCUserRun1_3504,Logged In Successfully,511
FCUserRun1_3460,Logged In Successfully,511
FCUserRun1_3511,Logged In Successfully,513
FCUserRun1_3527,Logged In Successfully,511
FCUserRun1_3499,Logged In Successfully,513
FCUserRun1_3500,Logged In Successfully,513
FCUserRun1_3512,Logged In Successfully,513
FCUserRun1_3449,Logged In Successfully,513
FCUserRun1_3452,Logged In Successfully,511
FCUserRun1_3458,Logged In Successfully,513
FCUserRun1_3509,Logged In Successfully,513
FCUserRun1_3513,Logged In Successfully,515
FCUserRun1_3560,Logged In Successfully,511
FCUserRun1_3479,Logged In Successfully,511
FCUserRun1_3568,Logged In Successfully,512
FCUserRun1_3569,Logged In Successfully,513
FCUserRun1_3572,Logged In Successfully,512
FCUserRun1_3534,Logged In Successfully,511
FCUserRun1_3483,Logged In Successfully,519
FCUserRun1_3585,Logged In Successfully,512
FCUserRun1_3558,Logged In Successfully,511
FCUserRun1_3491,Logged In Successfully,511
FCUserRun1_3574,Logged In Successfully,512
FCUserRun1_3497,Logged In Successfully,511
FCUserRun1_3570,Logged In Successfully,512
FCUserRun1_3573,Logged In Successfully,512
FCUserRun1_3602,Logged In Successfully,511
FCUserRun1_3580,Logged In Successfully,510
FCUserRun1_3597,Logged In Successfully,509
FCUserRun1_3604,Logged In Successfully,509
FCUserRun1_3612,Logged In Successfully,505
FCUserRun1_3619,Logged In Successfully,503
FCUserRun1_3614,Logged In Successfully,503
FCUserRun1_3566,Logged In Successfully,512
FCUserRun1_3616,Logged In Successfully,503
FCUserRun1_3539,Logged In Successfully,511
FCUserRun1_3518,Logged In Successfully,511
FCUserRun1_3583,Logged In Successfully,512
FCUserRun1_3581,Logged In Successfully,512
FCUserRun1_3650,Logged In Successfully,503
FCUserRun1_3653,Logged In Successfully,503
FCUserRun1_3659,Logged In Successfully,503
FCUserRun1_3637,Logged In Successfully,503
FCUserRun1_3662,Logged In Successfully,503
FCUserRun1_3665,Logged In Successfully,508
FCUserRun1_3584,Logged In Successfully,512
FCUserRun1_3676,Logged In Successfully,508
FCUserRun1_3684,Logged In Successfully,508
FCUserRun1_3589,Logged In Successfully,509
FCUserRun1_3663,Logged In Successfully,508
FCUserRun1_3686,Logged In Successfully,506
FCUserRun1_3687,Logged In Successfully,508
FCUserRun1_3712,Logged In Successfully,508
FCUserRun1_3610,Logged In Successfully,509
FCUserRun1_3711,Logged In Successfully,508
FCUserRun1_3699,Logged In Successfully,508
FCUserRun1_3698,Logged In Successfully,506
FCUserRun1_3714,Logged In Successfully,508
FCUserRun1_3624,Logged In Successfully,501
FCUserRun1_3721,Logged In Successfully,508
FCUserRun1_3661,Logged In Successfully,503
FCUserRun1_3647,Logged In Successfully,503
FCUserRun1_3631,Logged In Successfully,503
FCUserRun1_3726,Logged In Successfully,506
FCUserRun1_3727,Logged In Successfully,506
FCUserRun1_3735,Logged In Successfully,506
FCUserRun1_3674,Logged In Successfully,508
FCUserRun1_3635,Logged In Successfully,503
FCUserRun1_3730,Logged In Successfully,506
FCUserRun1_3740,Logged In Successfully,508
FCUserRun1_3756,Logged In Successfully,506
FCUserRun1_3748,Logged In Successfully,506
FCUserRun1_3667,Logged In Successfully,508
FCUserRun1_3704,Logged In Successfully,506
FCUserRun1_3755,Logged In Successfully,506
FCUserRun1_3762,Logged In Successfully,509
FCUserRun1_3697,Logged In Successfully,509
FCUserRun1_3758,Logged In Successfully,506
FCUserRun1_3768,Logged In Successfully,507
FCUserRun1_3719,Logged In Successfully,512
FCUserRun1_3775,Logged In Successfully,507
FCUserRun1_3722,Logged In Successfully,508
FCUserRun1_3783,Logged In Successfully,506
FCUserRun1_3791,Logged In Successfully,506
FCUserRun1_3741,Logged In Successfully,506
FCUserRun1_3751,Logged In Successfully,506
FCUserRun1_3807,Logged In Successfully,506
FCUserRun1_3814,Logged In Successfully,506
FCUserRun1_3817,Logged In Successfully,506
FCUserRun1_3831,Logged In Successfully,506
FCUserRun1_3728,Logged In Successfully,508
FCUserRun1_3777,Logged In Successfully,507
FCUserRun1_3835,Logged In Successfully,504
FCUserRun1_3851,Logged In Successfully,501
FCUserRun1_3739,Logged In Successfully,506
FCUserRun1_3754,Logged In Successfully,506
FCUserRun1_3793,Logged In Successfully,506
FCUserRun1_3838,Logged In Successfully,506
FCUserRun1_3862,Logged In Successfully,499
FCUserRun1_3840,Logged In Successfully,506
FCUserRun1_3852,Logged In Successfully,499
FCUserRun1_3872,Logged In Successfully,499
FCUserRun1_3859,Logged In Successfully,501
FCUserRun1_3890,Logged In Successfully,499
FCUserRun1_3784,Logged In Successfully,506
FCUserRun1_3873,Logged In Successfully,499
FCUserRun1_3869,Logged In Successfully,499
FCUserRun1_3893,Logged In Successfully,499
FCUserRun1_3779,Logged In Successfully,507
FCUserRun1_3871,Logged In Successfully,501
FCUserRun1_3874,Logged In Successfully,499
FCUserRun1_3798,Logged In Successfully,506
FCUserRun1_3803,Logged In Successfully,506
FCUserRun1_3898,Logged In Successfully,499
FCUserRun1_3906,Logged In Successfully,503
FCUserRun1_3916,Logged In Successfully,503
FCUserRun1_3899,Logged In Successfully,503
FCUserRun1_3881,Logged In Successfully,499
FCUserRun1_3926,Logged In Successfully,503
FCUserRun1_3832,Logged In Successfully,506
FCUserRun1_3819,Logged In Successfully,506
FCUserRun1_3870,Logged In Successfully,499
FCUserRun1_3912,Logged In Successfully,502
FCUserRun1_3904,Logged In Successfully,503
FCUserRun1_3887,Logged In Successfully,499
FCUserRun1_3902,Logged In Successfully,503
FCUserRun1_3947,Logged In Successfully,503
FCUserRun1_3949,Logged In Successfully,503
FCUserRun1_3910,Logged In Successfully,503
FCUserRun1_3957,Logged In Successfully,504
FCUserRun1_3943,Logged In Successfully,503
FCUserRun1_3946,Logged In Successfully,503
FCUserRun1_3970,Logged In Successfully,504
FCUserRun1_3923,Logged In Successfully,503
FCUserRun1_3980,Logged In Successfully,503
FCUserRun1_3966,Logged In Successfully,506
FCUserRun1_3989,Logged In Successfully,502
FCUserRun1_3987,Logged In Successfully,503
FCUserRun1_3997,Logged In Successfully,499
FCUserRun1_3911,Logged In Successfully,503
FCUserRun1_3999,Logged In Successfully,503
FCUserRun1_4015,Logged In Successfully,500
FCUserRun1_3948,Logged In Successfully,503
FCUserRun1_4017,Logged In Successfully,500
FCUserRun1_3942,Logged In Successfully,503
FCUserRun1_4013,Logged In Successfully,500
FCUserRun1_4016,Logged In Successfully,500
FCUserRun1_4024,Logged In Successfully,500
FCUserRun1_3925,Logged In Successfully,503
FCUserRun1_4030,Logged In Successfully,500
FCUserRun1_4042,Logged In Successfully,500
FCUserRun1_3986,Logged In Successfully,501
FCUserRun1_4032,Logged In Successfully,500
FCUserRun1_4046,Logged In Successfully,500
FCUserRun1_4039,Logged In Successfully,500
FCUserRun1_4061,Logged In Successfully,500
FCUserRun1_4056,Logged In Successfully,500
FCUserRun1_3945,Logged In Successfully,503
FCUserRun1_3937,Logged In Successfully,503
FCUserRun1_4058,Logged In Successfully,500
FCUserRun1_4069,Logged In Successfully,500
FCUserRun1_4082,Logged In Successfully,500
FCUserRun1_3950,Logged In Successfully,503
FCUserRun1_4064,Logged In Successfully,500
FCUserRun1_4075,Logged In Successfully,500
FCUserRun1_4089,Logged In Successfully,500
FCUserRun1_4079,Logged In Successfully,500
FCUserRun1_4091,Logged In Successfully,500
FCUserRun1_3979,Logged In Successfully,503
FCUserRun1_3974,Logged In Successfully,501
FCUserRun1_4098,Logged In Successfully,500
FCUserRun1_4110,Logged In Successfully,475
FCUserRun1_4108,Logged In Successfully,476
FCUserRun1_4111,Logged In Successfully,475
FCUserRun1_4113,Logged In Successfully,475
FCUserRun1_4005,Logged In Successfully,500
FCUserRun1_4124,Logged In Successfully,477
FCUserRun1_4132,Logged In Successfully,475
FCUserRun1_4125,Logged In Successfully,476
FCUserRun1_4140,Logged In Successfully,475
FCUserRun1_4147,Logged In Successfully,477
FCUserRun1_4028,Logged In Successfully,500
FCUserRun1_4020,Logged In Successfully,500
FCUserRun1_4040,Logged In Successfully,500
FCUserRun1_4078,Logged In Successfully,500
FCUserRun1_4095,Logged In Successfully,500
FCUserRun1_4145,Logged In Successfully,476
FCUserRun1_4092,Logged In Successfully,500
FCUserRun1_4050,Logged In Successfully,500
FCUserRun1_4172,Logged In Successfully,478
FCUserRun1_4178,Logged In Successfully,478
FCUserRun1_4159,Logged In Successfully,477
FCUserRun1_4184,Logged In Successfully,478
FCUserRun1_4073,Logged In Successfully,500
FCUserRun1_4183,Logged In Successfully,480
FCUserRun1_4191,Logged In Successfully,478
FCUserRun1_4202,Logged In Successfully,479
FCUserRun1_4204,Logged In Successfully,479
FCUserRun1_4209,Logged In Successfully,468
FCUserRun1_4226,Logged In Successfully,468
FCUserRun1_4100,Logged In Successfully,500
FCUserRun1_4114,Logged In Successfully,474
FCUserRun1_4165,Logged In Successfully,477
FCUserRun1_4158,Logged In Successfully,478
FCUserRun1_4133,Logged In Successfully,477
FCUserRun1_4171,Logged In Successfully,478
FCUserRun1_4254,Logged In Successfully,468
FCUserRun1_4257,Logged In Successfully,478
FCUserRun1_4268,Logged In Successfully,480
FCUserRun1_4272,Logged In Successfully,479
FCUserRun1_4198,Logged In Successfully,479
FCUserRun1_4274,Logged In Successfully,479
FCUserRun1_4155,Logged In Successfully,478
FCUserRun1_4207,Logged In Successfully,467
FCUserRun1_4143,Logged In Successfully,475
FCUserRun1_4283,Logged In Successfully,480
FCUserRun1_4285,Logged In Successfully,481
FCUserRun1_4153,Logged In Successfully,476
FCUserRun1_4289,Logged In Successfully,482
FCUserRun1_4290,Logged In Successfully,481
FCUserRun1_4295,Logged In Successfully,481
FCUserRun1_4173,Logged In Successfully,478
FCUserRun1_4296,Logged In Successfully,481
FCUserRun1_4298,Logged In Successfully,481
FCUserRun1_4225,Logged In Successfully,469
FCUserRun1_4304,Logged In Successfully,480
FCUserRun1_4292,Logged In Successfully,481
FCUserRun1_4294,Logged In Successfully,481
FCUserRun1_4308,Logged In Successfully,482
FCUserRun1_4317,Logged In Successfully,481
FCUserRun1_4309,Logged In Successfully,482
FCUserRun1_4312,Logged In Successfully,481
FCUserRun1_4249,Logged In Successfully,467
FCUserRun1_4314,Logged In Successfully,481
FCUserRun1_4328,Logged In Successfully,481
FCUserRun1_4324,Logged In Successfully,481
FCUserRun1_4330,Logged In Successfully,481
FCUserRun1_4211,Logged In Successfully,467
FCUserRun1_4335,Logged In Successfully,481
FCUserRun1_4342,Logged In Successfully,482
FCUserRun1_4258,Logged In Successfully,478
FCUserRun1_4235,Logged In Successfully,467
FCUserRun1_4334,Logged In Successfully,480
FCUserRun1_4341,Logged In Successfully,481
FCUserRun1_4369,Logged In Successfully,481
FCUserRun1_4270,Logged In Successfully,479
FCUserRun1_4303,Logged In Successfully,482
FCUserRun1_4381,Logged In Successfully,483
FCUserRun1_4347,Logged In Successfully,481
FCUserRun1_4307,Logged In Successfully,481
FCUserRun1_4388,Logged In Successfully,482
FCUserRun1_4387,Logged In Successfully,482
FCUserRun1_4313,Logged In Successfully,480
FCUserRun1_4356,Logged In Successfully,481
FCUserRun1_4397,Logged In Successfully,485
FCUserRun1_4339,Logged In Successfully,481
FCUserRun1_4280,Logged In Successfully,479
FCUserRun1_4402,Logged In Successfully,484
FCUserRun1_4410,Logged In Successfully,484
FCUserRun1_4383,Logged In Successfully,483
FCUserRun1_4412,Logged In Successfully,484
FCUserRun1_4421,Logged In Successfully,483
FCUserRun1_4306,Logged In Successfully,480
FCUserRun1_4365,Logged In Successfully,482
FCUserRun1_4428,Logged In Successfully,484
FCUserRun1_4377,Logged In Successfully,482
FCUserRun1_4441,Logged In Successfully,475
FCUserRun1_4322,Logged In Successfully,481
FCUserRun1_4424,Logged In Successfully,484
FCUserRun1_4434,Logged In Successfully,484
FCUserRun1_4451,Logged In Successfully,473
FCUserRun1_4390,Logged In Successfully,484
FCUserRun1_4400,Logged In Successfully,484
FCUserRun1_4442,Logged In Successfully,475
FCUserRun1_4457,Logged In Successfully,473
FCUserRun1_4355,Logged In Successfully,481
FCUserRun1_4354,Logged In Successfully,483
FCUserRun1_4448,Logged In Successfully,474
FCUserRun1_4468,Logged In Successfully,474
FCUserRun1_4452,Logged In Successfully,473
FCUserRun1_4465,Logged In Successfully,473
FCUserRun1_4426,Logged In Successfully,483
FCUserRun1_4470,Logged In Successfully,474
FCUserRun1_4480,Logged In Successfully,474
FCUserRun1_4484,Logged In Successfully,474
FCUserRun1_4492,Logged In Successfully,483
FCUserRun1_4481,Logged In Successfully,474
FCUserRun1_4393,Logged In Successfully,483
FCUserRun1_4499,Logged In Successfully,485
FCUserRun1_4511,Logged In Successfully,486
FCUserRun1_4396,Logged In Successfully,484
FCUserRun1_4488,Logged In Successfully,474
FCUserRun1_4525,Logged In Successfully,486
FCUserRun1_4461,Logged In Successfully,473
FCUserRun1_4531,Logged In Successfully,487
FCUserRun1_4467,Logged In Successfully,473
FCUserRun1_4414,Logged In Successfully,484
FCUserRun1_4522,Logged In Successfully,486
FCUserRun1_4486,Logged In Successfully,474
FCUserRun1_4497,Logged In Successfully,484
FCUserRun1_4551,Logged In Successfully,486
FCUserRun1_4438,Logged In Successfully,473
FCUserRun1_4540,Logged In Successfully,486
FCUserRun1_4550,Logged In Successfully,486
FCUserRun1_4544,Logged In Successfully,488
FCUserRun1_4473,Logged In Successfully,474
FCUserRun1_4564,Logged In Successfully,485
FCUserRun1_4565,Logged In Successfully,487
FCUserRun1_4534,Logged In Successfully,486
FCUserRun1_4578,Logged In Successfully,487
FCUserRun1_4593,Logged In Successfully,487
FCUserRun1_4589,Logged In Successfully,487
FCUserRun1_4496,Logged In Successfully,484
FCUserRun1_4582,Logged In Successfully,486
FCUserRun1_4512,Logged In Successfully,486
FCUserRun1_4612,Logged In Successfully,486
FCUserRun1_4609,Logged In Successfully,486
FCUserRun1_4537,Logged In Successfully,487
FCUserRun1_4553,Logged In Successfully,485
FCUserRun1_4624,Logged In Successfully,488
FCUserRun1_4621,Logged In Successfully,488
FCUserRun1_4574,Logged In Successfully,486
FCUserRun1_4528,Logged In Successfully,485
FCUserRun1_4616,Logged In Successfully,488
FCUserRun1_4637,Logged In Successfully,488
FCUserRun1_4541,Logged In Successfully,486
FCUserRun1_4645,Logged In Successfully,488
FCUserRun1_4646,Logged In Successfully,488
FCUserRun1_4650,Logged In Successfully,489
FCUserRun1_4635,Logged In Successfully,488
FCUserRun1_4636,Logged In Successfully,488
FCUserRun1_4641,Logged In Successfully,488
FCUserRun1_4603,Logged In Successfully,487
FCUserRun1_4673,Logged In Successfully,478
FCUserRun1_4667,Logged In Successfully,479
FCUserRun1_4677,Logged In Successfully,479
FCUserRun1_4671,Logged In Successfully,479
FCUserRun1_4571,Logged In Successfully,488
FCUserRun1_4665,Logged In Successfully,489
FCUserRun1_4587,Logged In Successfully,486
FCUserRun1_4698,Logged In Successfully,479
FCUserRun1_4699,Logged In Successfully,480
FCUserRun1_4594,Logged In Successfully,486
FCUserRun1_4623,Logged In Successfully,487
FCUserRun1_4683,Logged In Successfully,479
FCUserRun1_4602,Logged In Successfully,486
FCUserRun1_4719,Logged In Successfully,480
FCUserRun1_4720,Logged In Successfully,479
FCUserRun1_4656,Logged In Successfully,488
FCUserRun1_4662,Logged In Successfully,488
FCUserRun1_4712,Logged In Successfully,478
FCUserRun1_4722,Logged In Successfully,479
FCUserRun1_4751,Logged In Successfully,552
FCUserRun1_4755,Logged In Successfully,549
FCUserRun1_4725,Logged In Successfully,549
FCUserRun1_4757,Logged In Successfully,534
FCUserRun1_4689,Logged In Successfully,478
FCUserRun1_4694,Logged In Successfully,479
FCUserRun1_4764,Logged In Successfully,550
FCUserRun1_4767,Logged In Successfully,550
FCUserRun1_4684,Logged In Successfully,479
FCUserRun1_4749,Logged In Successfully,534
FCUserRun1_4768,Logged In Successfully,549
FCUserRun1_4772,Logged In Successfully,549
FCUserRun1_4776,Logged In Successfully,550
FCUserRun1_4780,Logged In Successfully,549
FCUserRun1_4771,Logged In Successfully,532
FCUserRun1_4777,Logged In Successfully,549
FCUserRun1_4787,Logged In Successfully,549
FCUserRun1_4629,Logged In Successfully,488
FCUserRun1_4789,Logged In Successfully,532
FCUserRun1_4726,Logged In Successfully,549
FCUserRun1_4792,Logged In Successfully,549
FCUserRun1_4795,Logged In Successfully,549
FCUserRun1_4799,Logged In Successfully,549
FCUserRun1_4679,Logged In Successfully,479
FCUserRun1_4804,Logged In Successfully,549
FCUserRun1_4812,Logged In Successfully,552
FCUserRun1_4685,Logged In Successfully,479
FCUserRun1_4808,Logged In Successfully,532
FCUserRun1_4820,Logged In Successfully,549
FCUserRun1_4817,Logged In Successfully,530
FCUserRun1_4732,Logged In Successfully,552
FCUserRun1_4826,Logged In Successfully,532
FCUserRun1_4837,Logged In Successfully,546
FCUserRun1_4761,Logged In Successfully,549
FCUserRun1_4838,Logged In Successfully,546
FCUserRun1_4836,Logged In Successfully,546
FCUserRun1_4731,Logged In Successfully,547
FCUserRun1_4855,Logged In Successfully,549
FCUserRun1_4783,Logged In Successfully,551
FCUserRun1_4734,Logged In Successfully,552
FCUserRun1_4853,Logged In Successfully,546
FCUserRun1_4857,Logged In Successfully,549
FCUserRun1_4786,Logged In Successfully,546
FCUserRun1_4873,Logged In Successfully,546
FCUserRun1_4803,Logged In Successfully,546
FCUserRun1_4881,Logged In Successfully,546
FCUserRun1_4879,Logged In Successfully,546
FCUserRun1_4894,Logged In Successfully,549
FCUserRun1_4813,Logged In Successfully,549
FCUserRun1_4775,Logged In Successfully,549
FCUserRun1_4889,Logged In Successfully,546
FCUserRun1_4796,Logged In Successfully,530
FCUserRun1_4902,Logged In Successfully,546
FCUserRun1_4905,Logged In Successfully,537
FCUserRun1_4896,Logged In Successfully,546
FCUserRun1_4913,Logged In Successfully,521
FCUserRun1_4910,Logged In Successfully,540
FCUserRun1_4919,Logged In Successfully,534
FCUserRun1_4841,Logged In Successfully,547
FCUserRun1_4922,Logged In Successfully,521
FCUserRun1_4921,Logged In Successfully,521
FCUserRun1_4846,Logged In Successfully,532
FCUserRun1_4823,Logged In Successfully,546
FCUserRun1_4931,Logged In Successfully,537
FCUserRun1_4871,Logged In Successfully,546
FCUserRun1_4929,Logged In Successfully,521
FCUserRun1_4933,Logged In Successfully,537
FCUserRun1_4939,Logged In Successfully,523
FCUserRun1_4835,Logged In Successfully,534
FCUserRun1_4878,Logged In Successfully,549
FCUserRun1_4941,Logged In Successfully,521
FCUserRun1_4943,Logged In Successfully,537
FCUserRun1_4946,Logged In Successfully,534
FCUserRun1_4957,Logged In Successfully,542
FCUserRun1_4958,Logged In Successfully,529
FCUserRun1_4951,Logged In Successfully,537
FCUserRun1_4964,Logged In Successfully,539
FCUserRun1_4895,Logged In Successfully,546
FCUserRun1_4965,Logged In Successfully,525
FCUserRun1_4872,Logged In Successfully,546
FCUserRun1_4960,Logged In Successfully,545
FCUserRun1_4970,Logged In Successfully,542
FCUserRun1_4880,Logged In Successfully,546
FCUserRun1_4980,Logged In Successfully,542
FCUserRun1_4974,Logged In Successfully,542
FCUserRun1_4992,Logged In Successfully,527
FCUserRun1_4997,Logged In Successfully,527
FCUserRun1_4979,Logged In Successfully,542
FCUserRun1_4917,Logged In Successfully,534
FCUserRun1_4927,Logged In Successfully,521
FCUserRun1_5012,Logged In Successfully,533.9200000000001
FCUserRun1_5009,Logged In Successfully,539
FCUserRun1_4944,Logged In Successfully,521
FCUserRun1_4963,Logged In Successfully,542
FCUserRun1_5000,Logged In Successfully,527
FCUserRun1_5025,Logged In Successfully,545.9200000000001
FCUserRun1_5035,Logged In Successfully,545.9200000000001
FCUserRun1_5043,Logged In Successfully,545.9200000000001
FCUserRun1_5019,Logged In Successfully,531.9
FCUserRun1_4987,Logged In Successfully,542
FCUserRun1_5020,Logged In Successfully,542.9200000000001
FCUserRun1_5056,Logged In Successfully,543.9
FCUserRun1_4936,Logged In Successfully,521
FCUserRun1_5060,Logged In Successfully,545.9200000000001
FCUserRun1_5002,Logged In Successfully,529
FCUserRun1_5069,Logged In Successfully,530.9200000000001
FCUserRun1_5048,Logged In Successfully,542.9200000000001
FCUserRun1_4982,Logged In Successfully,542
FCUserRun1_5079,Logged In Successfully,528.9200000000001
FCUserRun1_5084,Logged In Successfully,542.9200000000001
FCUserRun1_5005,Logged In Successfully,542
FCUserRun1_4986,Logged In Successfully,542
FCUserRun1_5082,Logged In Successfully,542.9200000000001
FCUserRun1_5094,Logged In Successfully,528.9200000000001
FCUserRun1_5064,Logged In Successfully,542.9200000000001
FCUserRun1_5105,Logged In Successfully,528.9200000000001
FCUserRun1_5013,Logged In Successfully,542.9200000000001
FCUserRun1_4993,Logged In Successfully,545
FCUserRun1_5074,Logged In Successfully,542.9200000000001
FCUserRun1_5083,Logged In Successfully,542.9200000000001
FCUserRun1_5097,Logged In Successfully,542.9200000000001
FCUserRun1_5114,Logged In Successfully,528.9200000000001
FCUserRun1_5119,Logged In Successfully,542.9200000000001
FCUserRun1_5121,Logged In Successfully,539.9200000000001
FCUserRun1_5134,Logged In Successfully,542.9200000000001
FCUserRun1_5130,Logged In Successfully,528.9200000000001
FCUserRun1_5039,Logged In Successfully,545.9200000000001
FCUserRun1_5044,Logged In Successfully,542.9200000000001
FCUserRun1_5032,Logged In Successfully,530.9200000000001
FCUserRun1_5095,Logged In Successfully,542.9200000000001
FCUserRun1_5116,Logged In Successfully,542.9200000000001
FCUserRun1_5067,Logged In Successfully,542.9200000000001
FCUserRun1_5138,Logged In Successfully,539.9200000000001
FCUserRun1_5132,Logged In Successfully,528.9200000000001
FCUserRun1_5156,Logged In Successfully,518.9200000000001
FCUserRun1_5088,Logged In Successfully,545.9200000000001
FCUserRun1_5161,Logged In Successfully,534.9200000000001
FCUserRun1_5175,Logged In Successfully,518.9200000000001
FCUserRun1_5099,Logged In Successfully,542.9200000000001
FCUserRun1_5185,Logged In Successfully,531.9200000000001
FCUserRun1_5153,Logged In Successfully,534.9200000000001
FCUserRun1_5163,Logged In Successfully,535.9200000000001
FCUserRun1_5196,Logged In Successfully,539.9200000000001
FCUserRun1_5106,Logged In Successfully,541.94
FCUserRun1_5203,Logged In Successfully,534.94
FCUserRun1_5118,Logged In Successfully,529.9200000000001
FCUserRun1_5186,Logged In Successfully,517.94
FCUserRun1_5226,Logged In Successfully,536.96
FCUserRun1_5211,Logged In Successfully,537.94
FCUserRun1_5231,Logged In Successfully,540.94
FCUserRun1_5177,Logged In Successfully,531.9200000000001
FCUserRun1_5133,Logged In Successfully,542.9200000000001
FCUserRun1_5248,Logged In Successfully,528.94
FCUserRun1_5179,Logged In Successfully,531.9200000000001
FCUserRun1_5149,Logged In Successfully,528.9200000000001
FCUserRun1_5246,Logged In Successfully,540.94
FCUserRun1_5233,Logged In Successfully,540.94
FCUserRun1_5245,Logged In Successfully,540.94
FCUserRun1_5269,Logged In Successfully,535.94
FCUserRun1_5271,Logged In Successfully,526.94
FCUserRun1_5190,Logged In Successfully,531.9200000000001
FCUserRun1_5167,Logged In Successfully,518.9200000000001
FCUserRun1_5165,Logged In Successfully,534.9200000000001
FCUserRun1_5188,Logged In Successfully,534.9200000000001
FCUserRun1_5280,Logged In Successfully,538.94
FCUserRun1_5268,Logged In Successfully,540.94
FCUserRun1_5270,Logged In Successfully,526.94
FCUserRun1_5300,Logged In Successfully,538.94
FCUserRun1_5296,Logged In Successfully,538.94
FCUserRun1_5216,Logged In Successfully,524.94
FCUserRun1_5189,Logged In Successfully,520.9200000000001
FCUserRun1_5281,Logged In Successfully,538.94
FCUserRun1_5282,Logged In Successfully,538.94
FCUserRun1_5289,Logged In Successfully,538.94
FCUserRun1_5290,Logged In Successfully,528.94
FCUserRun1_5293,Logged In Successfully,535.94
FCUserRun1_5306,Logged In Successfully,538.94
FCUserRun1_5319,Logged In Successfully,530.96
FCUserRun1_5321,Logged In Successfully,534.94
FCUserRun1_5198,Logged In Successfully,540.94
FCUserRun1_5328,Logged In Successfully,534.94
FCUserRun1_5309,Logged In Successfully,526.94
FCUserRun1_5329,Logged In Successfully,534.94
FCUserRun1_5310,Logged In Successfully,541.94
FCUserRun1_5342,Logged In Successfully,531.94
FCUserRun1_5343,Logged In Successfully,534.94
FCUserRun1_5351,Logged In Successfully,534.94
FCUserRun1_5348,Logged In Successfully,522.94
FCUserRun1_5353,Logged In Successfully,534.94
FCUserRun1_5359,Logged In Successfully,534.94
FCUserRun1_5241,Logged In Successfully,540.94
FCUserRun1_5283,Logged In Successfully,541.94
FCUserRun1_5365,Logged In Successfully,534.94
FCUserRun1_5366,Logged In Successfully,531.94
FCUserRun1_5313,Logged In Successfully,528.94
FCUserRun1_5372,Logged In Successfully,514.96
FCUserRun1_5373,Logged In Successfully,527.94
FCUserRun1_5222,Logged In Successfully,526.94
FCUserRun1_5394,Logged In Successfully,523.96
FCUserRun1_5399,Logged In Successfully,513.94
FCUserRun1_5391,Logged In Successfully,524.94
FCUserRun1_5407,Logged In Successfully,515.94
FCUserRun1_5404,Logged In Successfully,524.94
FCUserRun1_5266,Logged In Successfully,529.94
FCUserRun1_5414,Logged In Successfully,527.96
FCUserRun1_5295,Logged In Successfully,538.94
FCUserRun1_5307,Logged In Successfully,538.94
FCUserRun1_5315,Logged In Successfully,534.94
FCUserRun1_5318,Logged In Successfully,524.94
FCUserRun1_5327,Logged In Successfully,534.94
FCUserRun1_5433,Logged In Successfully,530.96
FCUserRun1_5429,Logged In Successfully,530.94
FCUserRun1_5374,Logged In Successfully,524.94
FCUserRun1_5381,Logged In Successfully,515.94
FCUserRun1_5452,Logged In Successfully,518.96
FCUserRun1_5349,Logged In Successfully,524.94
FCUserRun1_5356,Logged In Successfully,531.94
FCUserRun1_5468,Logged In Successfully,520.96
FCUserRun1_5484,Logged In Successfully,527.96
FCUserRun1_5406,Logged In Successfully,515.94
FCUserRun1_5425,Logged In Successfully,520.96
FCUserRun1_5467,Logged In Successfully,526.96
FCUserRun1_5392,Logged In Successfully,515.94
FCUserRun1_5475,Logged In Successfully,529.96
FCUserRun1_5382,Logged In Successfully,513.94
FCUserRun1_5480,Logged In Successfully,520.96
FCUserRun1_5502,Logged In Successfully,529.96
FCUserRun1_5450,Logged In Successfully,518.96
FCUserRun1_5514,Logged In Successfully,518.96
FCUserRun1_5520,Logged In Successfully,529.96
FCUserRun1_5453,Logged In Successfully,529.96
FCUserRun1_5415,Logged In Successfully,527.94
FCUserRun1_5505,Logged In Successfully,526.96
FCUserRun1_5509,Logged In Successfully,529.96
FCUserRun1_5528,Logged In Successfully,526.96
FCUserRun1_5529,Logged In Successfully,516.96
FCUserRun1_5524,Logged In Successfully,518.96
FCUserRun1_5539,Logged In Successfully,516.96
FCUserRun1_5458,Logged In Successfully,529.96
FCUserRun1_5538,Logged In Successfully,526.96
FCUserRun1_5457,Logged In Successfully,518.96
FCUserRun1_5531,Logged In Successfully,529.96
FCUserRun1_5431,Logged In Successfully,530.94
FCUserRun1_5543,Logged In Successfully,523.96
FCUserRun1_5545,Logged In Successfully,516.96
FCUserRun1_5551,Logged In Successfully,526.96
FCUserRun1_5481,Logged In Successfully,518.96
FCUserRun1_5544,Logged In Successfully,526.96
FCUserRun1_5546,Logged In Successfully,523.96
FCUserRun1_5547,Logged In Successfully,523.96
FCUserRun1_5495,Logged In Successfully,518.96
FCUserRun1_5557,Logged In Successfully,527.96
FCUserRun1_5555,Logged In Successfully,516.96
FCUserRun1_5562,Logged In Successfully,517.96
FCUserRun1_5574,Logged In Successfully,517.96
FCUserRun1_5507,Logged In Successfully,529.96
FCUserRun1_5568,Logged In Successfully,530.96
FCUserRun1_5566,Logged In Successfully,519.96
FCUserRun1_5576,Logged In Successfully,527.96
FCUserRun1_5585,Logged In Successfully,526.96
FCUserRun1_5518,Logged In Successfully,526.96
FCUserRun1_5589,Logged In Successfully,514.96
FCUserRun1_5593,Logged In Successfully,516.96
FCUserRun1_5580,Logged In Successfully,527.96
FCUserRun1_5584,Logged In Successfully,523.96
FCUserRun1_5610,Logged In Successfully,510.96000000000004
FCUserRun1_5594,Logged In Successfully,516.96
FCUserRun1_5608,Logged In Successfully,509.98
FCUserRun1_5601,Logged In Successfully,526.96
FCUserRun1_5604,Logged In Successfully,526.96
FCUserRun1_5492,Logged In Successfully,529.96
FCUserRun1_5620,Logged In Successfully,508.96000000000004
FCUserRun1_5533,Logged In Successfully,516.96
FCUserRun1_5625,Logged In Successfully,517.96
FCUserRun1_5571,Logged In Successfully,524.96
FCUserRun1_5638,Logged In Successfully,508.96000000000004
FCUserRun1_5632,Logged In Successfully,507.98
FCUserRun1_5573,Logged In Successfully,527.96
FCUserRun1_5641,Logged In Successfully,509.98
FCUserRun1_5644,Logged In Successfully,517.96
FCUserRun1_5643,Logged In Successfully,508.96000000000004
FCUserRun1_5652,Logged In Successfully,517.96
FCUserRun1_5658,Logged In Successfully,519.98
FCUserRun1_5663,Logged In Successfully,521.98
FCUserRun1_5598,Logged In Successfully,526.96
FCUserRun1_5591,Logged In Successfully,516.96
FCUserRun1_5564,Logged In Successfully,516.96
FCUserRun1_5665,Logged In Successfully,524.98
FCUserRun1_5688,Logged In Successfully,518.98
FCUserRun1_5570,Logged In Successfully,527.96
FCUserRun1_5690,Logged In Successfully,522.98
FCUserRun1_5678,Logged In Successfully,521.98
FCUserRun1_5685,Logged In Successfully,521.98
FCUserRun1_5619,Logged In Successfully,512.96
FCUserRun1_5703,Logged In Successfully,518.98
FCUserRun1_5702,Logged In Successfully,521.98
FCUserRun1_5586,Logged In Successfully,523.96
FCUserRun1_5640,Logged In Successfully,510.96000000000004
FCUserRun1_5706,Logged In Successfully,521.98
FCUserRun1_5606,Logged In Successfully,523.96
FCUserRun1_5714,Logged In Successfully,512.98
FCUserRun1_5708,Logged In Successfully,521.98
FCUserRun1_5709,Logged In Successfully,521.98
FCUserRun1_5715,Logged In Successfully,512.98
FCUserRun1_5737,Logged In Successfully,512.98
FCUserRun1_5728,Logged In Successfully,521.98
FCUserRun1_5623,Logged In Successfully,520.96
FCUserRun1_5745,Logged In Successfully,521.98
FCUserRun1_5650,Logged In Successfully,516.98
FCUserRun1_5731,Logged In Successfully,521.98
FCUserRun1_5747,Logged In Successfully,522.98
FCUserRun1_5716,Logged In Successfully,521.98
FCUserRun1_5754,Logged In Successfully,519.98
FCUserRun1_5712,Logged In Successfully,512.98
FCUserRun1_5775,Logged In Successfully,519.98
FCUserRun1_5674,Logged In Successfully,521.98
FCUserRun1_5675,Logged In Successfully,521.98
FCUserRun1_5722,Logged In Successfully,512.98
FCUserRun1_5761,Logged In Successfully,519.98
FCUserRun1_5771,Logged In Successfully,518.98
FCUserRun1_5780,Logged In Successfully,518.98
FCUserRun1_5794,Logged In Successfully,518.98
FCUserRun1_5738,Logged In Successfully,521.98
FCUserRun1_5700,Logged In Successfully,512.98
FCUserRun1_5689,Logged In Successfully,512.98
FCUserRun1_5807,Logged In Successfully,510.98
FCUserRun1_5804,Logged In Successfully,518.98
FCUserRun1_5821,Logged In Successfully,510.98
FCUserRun1_5816,Logged In Successfully,512.98
FCUserRun1_5729,Logged In Successfully,512.98
FCUserRun1_5788,Logged In Successfully,515.98
FCUserRun1_5797,Logged In Successfully,518.98
FCUserRun1_5830,Logged In Successfully,518.98
FCUserRun1_5815,Logged In Successfully,518.98
FCUserRun1_5844,Logged In Successfully,513.98
FCUserRun1_5792,Logged In Successfully,518.98
FCUserRun1_5840,Logged In Successfully,510.98
FCUserRun1_5810,Logged In Successfully,510.98
FCUserRun1_5811,Logged In Successfully,518.98
FCUserRun1_5768,Logged In Successfully,513.98
FCUserRun1_5851,Logged In Successfully,510.98
FCUserRun1_5795,Logged In Successfully,518.98
FCUserRun1_5776,Logged In Successfully,515.98
FCUserRun1_5773,Logged In Successfully,518.98
FCUserRun1_5814,Logged In Successfully,518
FCUserRun1_5894,Logged In Successfully,510
FCUserRun1_5898,Logged In Successfully,514
FCUserRun1_5820,Logged In Successfully,518.98
FCUserRun1_5900,Logged In Successfully,517
FCUserRun1_5906,Logged In Successfully,507
FCUserRun1_5885,Logged In Successfully,510
FCUserRun1_5891,Logged In Successfully,510
FCUserRun1_5892,Logged In Successfully,505
FCUserRun1_5914,Logged In Successfully,514
FCUserRun1_5841,Logged In Successfully,510.98
FCUserRun1_5843,Logged In Successfully,505.98
FCUserRun1_5911,Logged In Successfully,514
FCUserRun1_5924,Logged In Successfully,517
FCUserRun1_5901,Logged In Successfully,514
FCUserRun1_5925,Logged In Successfully,514
FCUserRun1_5913,Logged In Successfully,517
FCUserRun1_5936,Logged In Successfully,509
FCUserRun1_5923,Logged In Successfully,514
FCUserRun1_5935,Logged In Successfully,517
FCUserRun1_5858,Logged In Successfully,513
FCUserRun1_5837,Logged In Successfully,518.98
FCUserRun1_5955,Logged In Successfully,515
FCUserRun1_5962,Logged In Successfully,511
FCUserRun1_5965,Logged In Successfully,514
FCUserRun1_5964,Logged In Successfully,509
FCUserRun1_5970,Logged In Successfully,514
FCUserRun1_5976,Logged In Successfully,514
FCUserRun1_5932,Logged In Successfully,514
FCUserRun1_5992,Logged In Successfully,517
FCUserRun1_5990,Logged In Successfully,509
FCUserRun1_5864,Logged In Successfully,505.98
FCUserRun1_5940,Logged In Successfully,514
FCUserRun1_5879,Logged In Successfully,510
FCUserRun1_6012,Logged In Successfully,500
FCUserRun1_5952,Logged In Successfully,518
FCUserRun1_6009,Logged In Successfully,500
FCUserRun1_6014,Logged In Successfully,500
FCUserRun1_6023,Logged In Successfully,500
FCUserRun1_6028,Logged In Successfully,500
FCUserRun1_6016,Logged In Successfully,500
FCUserRun1_6038,Logged In Successfully,500
FCUserRun1_5929,Logged In Successfully,514
FCUserRun1_6037,Logged In Successfully,500
FCUserRun1_5909,Logged In Successfully,514
FCUserRun1_6029,Logged In Successfully,500
FCUserRun1_6030,Logged In Successfully,500
FCUserRun1_6041,Logged In Successfully,500
FCUserRun1_6046,Logged In Successfully,500
FCUserRun1_6051,Logged In Successfully,500
FCUserRun1_6059,Logged In Successfully,500
FCUserRun1_5941,Logged In Successfully,515
FCUserRun1_5946,Logged In Successfully,515
FCUserRun1_5983,Logged In Successfully,514
FCUserRun1_5945,Logged In Successfully,515
FCUserRun1_6071,Logged In Successfully,500
FCUserRun1_6047,Logged In Successfully,500
FCUserRun1_6056,Logged In Successfully,500
FCUserRun1_6072,Logged In Successfully,500
FCUserRun1_5957,Logged In Successfully,515
FCUserRun1_6084,Logged In Successfully,500
FCUserRun1_6057,Logged In Successfully,500
FCUserRun1_6076,Logged In Successfully,500
FCUserRun1_6092,Logged In Successfully,500
FCUserRun1_6095,Logged In Successfully,500
FCUserRun1_6086,Logged In Successfully,500
FCUserRun1_6101,Logged In Successfully,475
FCUserRun1_6103,Logged In Successfully,475
FCUserRun1_6054,Logged In Successfully,500
FCUserRun1_5999,Logged In Successfully,507
FCUserRun1_6102,Logged In Successfully,476
FCUserRun1_6018,Logged In Successfully,500
FCUserRun1_6073,Logged In Successfully,500
FCUserRun1_6121,Logged In Successfully,474
FCUserRun1_6120,Logged In Successfully,475
FCUserRun1_6123,Logged In Successfully,475
FCUserRun1_6135,Logged In Successfully,477
FCUserRun1_6143,Logged In Successfully,475
FCUserRun1_6027,Logged In Successfully,500
FCUserRun1_6141,Logged In Successfully,476
FCUserRun1_6077,Logged In Successfully,500
FCUserRun1_6081,Logged In Successfully,500
FCUserRun1_6156,Logged In Successfully,477
FCUserRun1_6161,Logged In Successfully,477
FCUserRun1_6085,Logged In Successfully,500
FCUserRun1_6169,Logged In Successfully,477
FCUserRun1_6170,Logged In Successfully,477
FCUserRun1_6174,Logged In Successfully,478
FCUserRun1_6109,Logged In Successfully,475
FCUserRun1_6176,Logged In Successfully,478
FCUserRun1_6177,Logged In Successfully,479
FCUserRun1_6189,Logged In Successfully,480
FCUserRun1_6184,Logged In Successfully,477
FCUserRun1_6060,Logged In Successfully,500
FCUserRun1_6186,Logged In Successfully,479
FCUserRun1_6070,Logged In Successfully,500
FCUserRun1_6197,Logged In Successfully,479
FCUserRun1_6142,Logged In Successfully,477
FCUserRun1_6200,Logged In Successfully,480
FCUserRun1_6187,Logged In Successfully,484
FCUserRun1_6206,Logged In Successfully,467
FCUserRun1_6116,Logged In Successfully,477
FCUserRun1_6080,Logged In Successfully,500
FCUserRun1_6214,Logged In Successfully,467
FCUserRun1_6146,Logged In Successfully,475
FCUserRun1_6153,Logged In Successfully,476
FCUserRun1_6158,Logged In Successfully,478
FCUserRun1_6221,Logged In Successfully,467
FCUserRun1_6213,Logged In Successfully,466
FCUserRun1_6111,Logged In Successfully,475
FCUserRun1_6228,Logged In Successfully,467
FCUserRun1_6218,Logged In Successfully,468
FCUserRun1_6240,Logged In Successfully,467
FCUserRun1_6241,Logged In Successfully,468
FCUserRun1_6238,Logged In Successfully,467
FCUserRun1_6237,Logged In Successfully,468
FCUserRun1_6245,Logged In Successfully,468
FCUserRun1_6246,Logged In Successfully,469
FCUserRun1_6250,Logged In Successfully,469
FCUserRun1_6222,Logged In Successfully,468
FCUserRun1_6227,Logged In Successfully,468
FCUserRun1_6257,Logged In Successfully,480
FCUserRun1_6253,Logged In Successfully,478
FCUserRun1_6262,Logged In Successfully,479
FCUserRun1_6277,Logged In Successfully,481
FCUserRun1_6236,Logged In Successfully,467
FCUserRun1_6296,Logged In Successfully,481
FCUserRun1_6191,Logged In Successfully,480
FCUserRun1_6182,Logged In Successfully,478
FCUserRun1_6196,Logged In Successfully,479
FCUserRun1_6202,Logged In Successfully,478
FCUserRun1_6252,Logged In Successfully,467
FCUserRun1_6318,Logged In Successfully,481
FCUserRun1_6254,Logged In Successfully,467
FCUserRun1_6323,Logged In Successfully,483
FCUserRun1_6334,Logged In Successfully,480
FCUserRun1_6271,Logged In Successfully,482
FCUserRun1_6219,Logged In Successfully,466
FCUserRun1_6210,Logged In Successfully,467
FCUserRun1_6315,Logged In Successfully,483
FCUserRun1_6339,Logged In Successfully,482
FCUserRun1_6336,Logged In Successfully,482
FCUserRun1_6350,Logged In Successfully,481
FCUserRun1_6344,Logged In Successfully,482
FCUserRun1_6259,Logged In Successfully,478
FCUserRun1_6345,Logged In Successfully,482
FCUserRun1_6346,Logged In Successfully,481
FCUserRun1_6356,Logged In Successfully,482
FCUserRun1_6357,Logged In Successfully,481
FCUserRun1_6377,Logged In Successfully,482
FCUserRun1_6376,Logged In Successfully,482
FCUserRun1_6364,Logged In Successfully,481
FCUserRun1_6258,Logged In Successfully,479
FCUserRun1_6260,Logged In Successfully,479
FCUserRun1_6369,Logged In Successfully,482
FCUserRun1_6398,Logged In Successfully,483
FCUserRun1_6388,Logged In Successfully,485
FCUserRun1_6390,Logged In Successfully,484
FCUserRun1_6375,Logged In Successfully,485
FCUserRun1_6393,Logged In Successfully,485
FCUserRun1_6355,Logged In Successfully,483
FCUserRun1_6279,Logged In Successfully,479
FCUserRun1_6362,Logged In Successfully,481
FCUserRun1_6416,Logged In Successfully,484
FCUserRun1_6415,Logged In Successfully,483
FCUserRun1_6420,Logged In Successfully,485
FCUserRun1_6374,Logged In Successfully,483
FCUserRun1_6422,Logged In Successfully,484
FCUserRun1_6427,Logged In Successfully,485
FCUserRun1_6432,Logged In Successfully,485
FCUserRun1_6434,Logged In Successfully,484
FCUserRun1_6442,Logged In Successfully,473
FCUserRun1_6430,Logged In Successfully,484
FCUserRun1_6441,Logged In Successfully,474
FCUserRun1_6325,Logged In Successfully,481
FCUserRun1_6327,Logged In Successfully,481
FCUserRun1_6447,Logged In Successfully,475
FCUserRun1_6326,Logged In Successfully,481
FCUserRun1_6455,Logged In Successfully,474
FCUserRun1_6454,Logged In Successfully,473
FCUserRun1_6457,Logged In Successfully,473
FCUserRun1_6462,Logged In Successfully,472
FCUserRun1_6343,Logged In Successfully,480
FCUserRun1_6460,Logged In Successfully,473
FCUserRun1_6467,Logged In Successfully,472
FCUserRun1_6469,Logged In Successfully,472
FCUserRun1_6468,Logged In Successfully,474
FCUserRun1_6471,Logged In Successfully,473
FCUserRun1_6472,Logged In Successfully,476
FCUserRun1_6475,Logged In Successfully,472
FCUserRun1_6402,Logged In Successfully,484
FCUserRun1_6480,Logged In Successfully,476
FCUserRun1_6481,Logged In Successfully,475
FCUserRun1_6482,Logged In Successfully,475
FCUserRun1_6489,Logged In Successfully,486
FCUserRun1_6486,Logged In Successfully,474
FCUserRun1_6493,Logged In Successfully,486
FCUserRun1_6497,Logged In Successfully,485
FCUserRun1_6507,Logged In Successfully,485
FCUserRun1_6508,Logged In Successfully,486
FCUserRun1_6510,Logged In Successfully,485
FCUserRun1_6523,Logged In Successfully,488
FCUserRun1_6522,Logged In Successfully,488
FCUserRun1_6391,Logged In Successfully,484
FCUserRun1_6524,Logged In Successfully,487
FCUserRun1_6537,Logged In Successfully,486
FCUserRun1_6543,Logged In Successfully,486
FCUserRun1_6546,Logged In Successfully,487
FCUserRun1_6533,Logged In Successfully,485
FCUserRun1_6554,Logged In Successfully,489
FCUserRun1_6461,Logged In Successfully,474
FCUserRun1_6414,Logged In Successfully,482
FCUserRun1_6411,Logged In Successfully,484
FCUserRun1_6576,Logged In Successfully,487
FCUserRun1_6574,Logged In Successfully,486
FCUserRun1_6563,Logged In Successfully,487
FCUserRun1_6445,Logged In Successfully,473
FCUserRun1_6578,Logged In Successfully,486
FCUserRun1_6572,Logged In Successfully,486
FCUserRun1_6600,Logged In Successfully,486
FCUserRun1_6452,Logged In Successfully,473
FCUserRun1_6479,Logged In Successfully,474
FCUserRun1_6586,Logged In Successfully,486
FCUserRun1_6595,Logged In Successfully,486
FCUserRun1_6590,Logged In Successfully,487
FCUserRun1_6458,Logged In Successfully,475
FCUserRun1_6610,Logged In Successfully,488
FCUserRun1_6538,Logged In Successfully,485
FCUserRun1_6485,Logged In Successfully,476
FCUserRun1_6617,Logged In Successfully,487
FCUserRun1_6615,Logged In Successfully,487
FCUserRun1_6613,Logged In Successfully,488
FCUserRun1_6498,Logged In Successfully,485
FCUserRun1_6560,Logged In Successfully,486
FCUserRun1_6633,Logged In Successfully,487
FCUserRun1_6639,Logged In Successfully,488
FCUserRun1_6503,Logged In Successfully,486
FCUserRun1_6619,Logged In Successfully,489
FCUserRun1_6652,Logged In Successfully,489
FCUserRun1_6654,Logged In Successfully,488
FCUserRun1_6650,Logged In Successfully,488
FCUserRun1_6641,Logged In Successfully,488
FCUserRun1_6642,Logged In Successfully,488
FCUserRun1_6664,Logged In Successfully,489
FCUserRun1_6637,Logged In Successfully,487
FCUserRun1_6670,Logged In Successfully,478
FCUserRun1_6646,Logged In Successfully,488
FCUserRun1_6645,Logged In Successfully,488
FCUserRun1_6686,Logged In Successfully,479
FCUserRun1_6653,Logged In Successfully,487
FCUserRun1_6680,Logged In Successfully,479
FCUserRun1_6673,Logged In Successfully,480
FCUserRun1_6675,Logged In Successfully,478
FCUserRun1_6685,Logged In Successfully,478
FCUserRun1_6690,Logged In Successfully,479
FCUserRun1_6573,Logged In Successfully,487
FCUserRun1_6634,Logged In Successfully,489
FCUserRun1_6715,Logged In Successfully,478
FCUserRun1_6692,Logged In Successfully,478
FCUserRun1_6704,Logged In Successfully,479
FCUserRun1_6708,Logged In Successfully,479
FCUserRun1_6730,Logged In Successfully,536
FCUserRun1_6709,Logged In Successfully,478
FCUserRun1_6618,Logged In Successfully,486
FCUserRun1_6734,Logged In Successfully,534
FCUserRun1_6750,Logged In Successfully,532
FCUserRun1_6725,Logged In Successfully,534
FCUserRun1_6662,Logged In Successfully,488
FCUserRun1_6681,Logged In Successfully,480
FCUserRun1_6746,Logged In Successfully,534
FCUserRun1_6752,Logged In Successfully,536
FCUserRun1_6753,Logged In Successfully,535
FCUserRun1_6770,Logged In Successfully,532
FCUserRun1_6771,Logged In Successfully,530
FCUserRun1_6776,Logged In Successfully,535
FCUserRun1_6694,Logged In Successfully,479
FCUserRun1_6779,Logged In Successfully,533
FCUserRun1_6661,Logged In Successfully,489
FCUserRun1_6710,Logged In Successfully,479
FCUserRun1_6743,Logged In Successfully,536
FCUserRun1_6790,Logged In Successfully,536
FCUserRun1_6767,Logged In Successfully,534
FCUserRun1_6735,Logged In Successfully,534
FCUserRun1_6795,Logged In Successfully,536
FCUserRun1_6813,Logged In Successfully,532
FCUserRun1_6791,Logged In Successfully,532
FCUserRun1_6738,Logged In Successfully,533
FCUserRun1_6816,Logged In Successfully,532
FCUserRun1_6768,Logged In Successfully,534
FCUserRun1_6832,Logged In Successfully,532
FCUserRun1_6838,Logged In Successfully,532
FCUserRun1_6803,Logged In Successfully,534
FCUserRun1_6811,Logged In Successfully,532
FCUserRun1_6794,Logged In Successfully,530
FCUserRun1_6850,Logged In Successfully,534
FCUserRun1_6826,Logged In Successfully,534
FCUserRun1_6839,Logged In Successfully,532
FCUserRun1_6763,Logged In Successfully,534
FCUserRun1_6818,Logged In Successfully,534
FCUserRun1_6868,Logged In Successfully,532
FCUserRun1_6871,Logged In Successfully,532
FCUserRun1_6764,Logged In Successfully,534
FCUserRun1_6893,Logged In Successfully,534
FCUserRun1_6845,Logged In Successfully,532
FCUserRun1_6848,Logged In Successfully,534
FCUserRun1_6867,Logged In Successfully,530
FCUserRun1_6881,Logged In Successfully,534
FCUserRun1_6900,Logged In Successfully,534
FCUserRun1_6883,Logged In Successfully,532
FCUserRun1_6781,Logged In Successfully,534
FCUserRun1_6882,Logged In Successfully,532
FCUserRun1_6887,Logged In Successfully,532
FCUserRun1_6859,Logged In Successfully,532
FCUserRun1_6922,Logged In Successfully,523
FCUserRun1_6920,Logged In Successfully,521
FCUserRun1_6873,Logged In Successfully,530
FCUserRun1_6834,Logged In Successfully,534
FCUserRun1_6888,Logged In Successfully,535
FCUserRun1_6927,Logged In Successfully,523
FCUserRun1_6910,Logged In Successfully,521
FCUserRun1_6913,Logged In Successfully,519
FCUserRun1_6916,Logged In Successfully,523
FCUserRun1_6930,Logged In Successfully,521
FCUserRun1_6936,Logged In Successfully,519
FCUserRun1_6919,Logged In Successfully,525
FCUserRun1_6939,Logged In Successfully,521
FCUserRun1_6925,Logged In Successfully,517
FCUserRun1_6928,Logged In Successfully,523
FCUserRun1_6929,Logged In Successfully,521
FCUserRun1_6959,Logged In Successfully,527
FCUserRun1_6972,Logged In Successfully,527
FCUserRun1_6944,Logged In Successfully,521
FCUserRun1_6963,Logged In Successfully,529
FCUserRun1_6992,Logged In Successfully,525
FCUserRun1_6953,Logged In Successfully,517
FCUserRun1_6995,Logged In Successfully,529
FCUserRun1_6973,Logged In Successfully,531
FCUserRun1_6981,Logged In Successfully,530
FCUserRun1_6933,Logged In Successfully,523
FCUserRun1_6987,Logged In Successfully,529
FCUserRun1_6976,Logged In Successfully,529
FCUserRun1_7003,Logged In Successfully,529
FCUserRun1_7002,Logged In Successfully,529
FCUserRun1_7014,Logged In Successfully,530
FCUserRun1_6969,Logged In Successfully,527
FCUserRun1_6974,Logged In Successfully,529
FCUserRun1_7018,Logged In Successfully,525
FCUserRun1_7026,Logged In Successfully,529
FCUserRun1_7041,Logged In Successfully,527
FCUserRun1_6955,Logged In Successfully,517
FCUserRun1_7006,Logged In Successfully,527
FCUserRun1_6961,Logged In Successfully,529
FCUserRun1_7022,Logged In Successfully,529
FCUserRun1_7027,Logged In Successfully,527
FCUserRun1_7023,Logged In Successfully,529
FCUserRun1_7030,Logged In Successfully,527
FCUserRun1_7068,Logged In Successfully,527
FCUserRun1_7061,Logged In Successfully,525
FCUserRun1_7073,Logged In Successfully,525
FCUserRun1_7052,Logged In Successfully,529
FCUserRun1_7087,Logged In Successfully,527
FCUserRun1_7045,Logged In Successfully,527
FCUserRun1_7083,Logged In Successfully,527
FCUserRun1_7071,Logged In Successfully,525
FCUserRun1_7064,Logged In Successfully,525
FCUserRun1_7060,Logged In Successfully,529
FCUserRun1_7095,Logged In Successfully,525
FCUserRun1_7080,Logged In Successfully,527
FCUserRun1_7094,Logged In Successfully,503
FCUserRun1_7105,Logged In Successfully,527
FCUserRun1_7010,Logged In Successfully,529
FCUserRun1_7066,Logged In Successfully,525
FCUserRun1_7042,Logged In Successfully,529
FCUserRun1_7111,Logged In Successfully,526
FCUserRun1_7113,Logged In Successfully,526
FCUserRun1_7103,Logged In Successfully,525
FCUserRun1_7126,Logged In Successfully,527
FCUserRun1_7056,Logged In Successfully,529
FCUserRun1_7053,Logged In Successfully,529
FCUserRun1_7119,Logged In Successfully,527
FCUserRun1_7120,Logged In Successfully,525
FCUserRun1_7107,Logged In Successfully,525
FCUserRun1_7130,Logged In Successfully,523
FCUserRun1_7148,Logged In Successfully,517
FCUserRun1_7117,Logged In Successfully,523
FCUserRun1_7156,Logged In Successfully,517
FCUserRun1_7155,Logged In Successfully,517
FCUserRun1_7125,Logged In Successfully,523
FCUserRun1_7159,Logged In Successfully,518
FCUserRun1_7166,Logged In Successfully,517
FCUserRun1_7174,Logged In Successfully,518
FCUserRun1_7142,Logged In Successfully,515
FCUserRun1_7136,Logged In Successfully,525
FCUserRun1_7165,Logged In Successfully,517
FCUserRun1_7147,Logged In Successfully,517
FCUserRun1_7177,Logged In Successfully,519
FCUserRun1_7179,Logged In Successfully,519
FCUserRun1_7189,Logged In Successfully,517
FCUserRun1_7151,Logged In Successfully,519
FCUserRun1_7128,Logged In Successfully,527
FCUserRun1_7169,Logged In Successfully,517
FCUserRun1_7193,Logged In Successfully,524
FCUserRun1_7206,Logged In Successfully,522
FCUserRun1_7153,Logged In Successfully,517
FCUserRun1_7158,Logged In Successfully,519
FCUserRun1_7205,Logged In Successfully,522
FCUserRun1_7230,Logged In Successfully,525
FCUserRun1_7237,Logged In Successfully,527
FCUserRun1_7202,Logged In Successfully,524
FCUserRun1_7183,Logged In Successfully,518
FCUserRun1_7186,Logged In Successfully,515
FCUserRun1_7204,Logged In Successfully,522
FCUserRun1_7221,Logged In Successfully,525
FCUserRun1_7240,Logged In Successfully,529
FCUserRun1_7250,Logged In Successfully,525
FCUserRun1_7218,Logged In Successfully,523
FCUserRun1_7228,Logged In Successfully,525
FCUserRun1_7213,Logged In Successfully,524
FCUserRun1_7214,Logged In Successfully,524
FCUserRun1_7224,Logged In Successfully,524
FCUserRun1_7275,Logged In Successfully,525
FCUserRun1_7234,Logged In Successfully,525
FCUserRun1_7225,Logged In Successfully,524
FCUserRun1_7246,Logged In Successfully,527
FCUserRun1_7296,Logged In Successfully,524
FCUserRun1_7287,Logged In Successfully,528
FCUserRun1_7278,Logged In Successfully,524
FCUserRun1_7295,Logged In Successfully,524
FCUserRun1_7303,Logged In Successfully,528
FCUserRun1_7269,Logged In Successfully,525
FCUserRun1_7300,Logged In Successfully,528
FCUserRun1_7270,Logged In Successfully,525
FCUserRun1_7264,Logged In Successfully,525
FCUserRun1_7310,Logged In Successfully,524
FCUserRun1_7277,Logged In Successfully,525
FCUserRun1_7260,Logged In Successfully,525
FCUserRun1_7314,Logged In Successfully,528
FCUserRun1_7327,Logged In Successfully,520
FCUserRun1_7292,Logged In Successfully,528
FCUserRun1_7333,Logged In Successfully,522
FCUserRun1_7286,Logged In Successfully,526
FCUserRun1_7336,Logged In Successfully,522
FCUserRun1_7283,Logged In Successfully,524
FCUserRun1_7331,Logged In Successfully,520
FCUserRun1_7307,Logged In Successfully,528
FCUserRun1_7321,Logged In Successfully,526
FCUserRun1_7345,Logged In Successfully,518
FCUserRun1_7356,Logged In Successfully,520
FCUserRun1_7315,Logged In Successfully,526
FCUserRun1_7338,Logged In Successfully,518
FCUserRun1_7335,Logged In Successfully,524
FCUserRun1_7350,Logged In Successfully,522
FCUserRun1_7391,Logged In Successfully,513
FCUserRun1_7375,Logged In Successfully,515
FCUserRun1_7395,Logged In Successfully,513
FCUserRun1_7361,Logged In Successfully,520
FCUserRun1_7397,Logged In Successfully,513
FCUserRun1_7383,Logged In Successfully,513
FCUserRun1_7362,Logged In Successfully,522
FCUserRun1_7412,Logged In Successfully,513
FCUserRun1_7390,Logged In Successfully,515
FCUserRun1_7407,Logged In Successfully,515
FCUserRun1_7364,Logged In Successfully,521
FCUserRun1_7371,Logged In Successfully,515
FCUserRun1_7358,Logged In Successfully,520
FCUserRun1_7365,Logged In Successfully,520
FCUserRun1_7408,Logged In Successfully,513
FCUserRun1_7423,Logged In Successfully,513
FCUserRun1_7435,Logged In Successfully,517
FCUserRun1_7419,Logged In Successfully,513
FCUserRun1_7378,Logged In Successfully,511
FCUserRun1_7446,Logged In Successfully,515
FCUserRun1_7433,Logged In Successfully,519
FCUserRun1_7456,Logged In Successfully,519
FCUserRun1_7405,Logged In Successfully,515
FCUserRun1_7437,Logged In Successfully,519
FCUserRun1_7464,Logged In Successfully,517
FCUserRun1_7467,Logged In Successfully,517
FCUserRun1_7374,Logged In Successfully,513
FCUserRun1_7475,Logged In Successfully,517
FCUserRun1_7424,Logged In Successfully,519
FCUserRun1_7477,Logged In Successfully,519
FCUserRun1_7442,Logged In Successfully,517
FCUserRun1_7482,Logged In Successfully,517
FCUserRun1_7455,Logged In Successfully,517
FCUserRun1_7434,Logged In Successfully,519
FCUserRun1_7436,Logged In Successfully,517
FCUserRun1_7429,Logged In Successfully,519
FCUserRun1_7490,Logged In Successfully,515
FCUserRun1_7445,Logged In Successfully,516
FCUserRun1_7494,Logged In Successfully,517
FCUserRun1_7501,Logged In Successfully,513
FCUserRun1_7512,Logged In Successfully,517
FCUserRun1_7508,Logged In Successfully,517
FCUserRun1_7460,Logged In Successfully,521
FCUserRun1_7493,Logged In Successfully,517
FCUserRun1_7515,Logged In Successfully,515
FCUserRun1_7499,Logged In Successfully,517
FCUserRun1_7531,Logged In Successfully,513
FCUserRun1_7520,Logged In Successfully,516
FCUserRun1_7509,Logged In Successfully,515
FCUserRun1_7541,Logged In Successfully,517
FCUserRun1_7474,Logged In Successfully,517
FCUserRun1_7528,Logged In Successfully,517
FCUserRun1_7521,Logged In Successfully,517
FCUserRun1_7545,Logged In Successfully,517
FCUserRun1_7557,Logged In Successfully,516
FCUserRun1_7535,Logged In Successfully,517
FCUserRun1_7549,Logged In Successfully,515
FCUserRun1_7559,Logged In Successfully,518
FCUserRun1_7547,Logged In Successfully,517
FCUserRun1_7553,Logged In Successfully,517
FCUserRun1_7516,Logged In Successfully,519
FCUserRun1_7560,Logged In Successfully,516
FCUserRun1_7561,Logged In Successfully,518
FCUserRun1_7564,Logged In Successfully,514
FCUserRun1_7595,Logged In Successfully,515
FCUserRun1_7581,Logged In Successfully,518
FCUserRun1_7588,Logged In Successfully,515
FCUserRun1_7598,Logged In Successfully,515
FCUserRun1_7599,Logged In Successfully,513
FCUserRun1_7572,Logged In Successfully,516
FCUserRun1_7623,Logged In Successfully,509
FCUserRun1_7615,Logged In Successfully,511
FCUserRun1_7626,Logged In Successfully,507
FCUserRun1_7611,Logged In Successfully,507
FCUserRun1_7573,Logged In Successfully,516
FCUserRun1_7605,Logged In Successfully,517
FCUserRun1_7593,Logged In Successfully,515
FCUserRun1_7632,Logged In Successfully,509
FCUserRun1_7574,Logged In Successfully,516
FCUserRun1_7645,Logged In Successfully,509
FCUserRun1_7563,Logged In Successfully,516
FCUserRun1_7664,Logged In Successfully,512
FCUserRun1_7656,Logged In Successfully,509
FCUserRun1_7657,Logged In Successfully,514
FCUserRun1_7661,Logged In Successfully,514
FCUserRun1_7651,Logged In Successfully,509
FCUserRun1_7666,Logged In Successfully,514
FCUserRun1_7662,Logged In Successfully,512
FCUserRun1_7646,Logged In Successfully,509
FCUserRun1_7653,Logged In Successfully,509
FCUserRun1_7683,Logged In Successfully,515
FCUserRun1_7658,Logged In Successfully,509
FCUserRun1_7695,Logged In Successfully,514
FCUserRun1_7633,Logged In Successfully,509
FCUserRun1_7701,Logged In Successfully,510
FCUserRun1_7686,Logged In Successfully,510
FCUserRun1_7616,Logged In Successfully,511
FCUserRun1_7617,Logged In Successfully,511
FCUserRun1_7685,Logged In Successfully,512
FCUserRun1_7674,Logged In Successfully,512
FCUserRun1_7706,Logged In Successfully,512
FCUserRun1_7717,Logged In Successfully,512
FCUserRun1_7697,Logged In Successfully,514
FCUserRun1_7681,Logged In Successfully,510
FCUserRun1_7720,Logged In Successfully,512
FCUserRun1_7694,Logged In Successfully,516
FCUserRun1_7696,Logged In Successfully,514
FCUserRun1_7719,Logged In Successfully,514
FCUserRun1_7713,Logged In Successfully,512
FCUserRun1_7682,Logged In Successfully,512
FCUserRun1_7743,Logged In Successfully,512
FCUserRun1_7742,Logged In Successfully,512
FCUserRun1_7739,Logged In Successfully,510
FCUserRun1_7714,Logged In Successfully,510
FCUserRun1_7735,Logged In Successfully,512
FCUserRun1_7716,Logged In Successfully,512
FCUserRun1_7746,Logged In Successfully,508
FCUserRun1_7764,Logged In Successfully,513
FCUserRun1_7749,Logged In Successfully,513
FCUserRun1_7750,Logged In Successfully,513
FCUserRun1_7783,Logged In Successfully,512
FCUserRun1_7751,Logged In Successfully,513
FCUserRun1_7781,Logged In Successfully,510
FCUserRun1_7799,Logged In Successfully,510
FCUserRun1_7704,Logged In Successfully,512
FCUserRun1_7785,Logged In Successfully,510
FCUserRun1_7761,Logged In Successfully,513
FCUserRun1_7770,Logged In Successfully,512
FCUserRun1_7782,Logged In Successfully,508
FCUserRun1_7778,Logged In Successfully,508
FCUserRun1_7721,Logged In Successfully,516
FCUserRun1_7741,Logged In Successfully,510
FCUserRun1_7805,Logged In Successfully,508
FCUserRun1_7808,Logged In Successfully,514
FCUserRun1_7801,Logged In Successfully,512
FCUserRun1_7766,Logged In Successfully,513
FCUserRun1_7838,Logged In Successfully,508
FCUserRun1_7775,Logged In Successfully,512
FCUserRun1_7820,Logged In Successfully,512
FCUserRun1_7812,Logged In Successfully,512
FCUserRun1_7835,Logged In Successfully,512
FCUserRun1_7862,Logged In Successfully,505
FCUserRun1_7854,Logged In Successfully,510
FCUserRun1_7856,Logged In Successfully,507
FCUserRun1_7847,Logged In Successfully,505
FCUserRun1_7873,Logged In Successfully,505
FCUserRun1_7844,Logged In Successfully,507
FCUserRun1_7859,Logged In Successfully,505
FCUserRun1_7828,Logged In Successfully,512
FCUserRun1_7868,Logged In Successfully,505
FCUserRun1_7817,Logged In Successfully,512
FCUserRun1_7842,Logged In Successfully,505
FCUserRun1_7883,Logged In Successfully,505
FCUserRun1_7891,Logged In Successfully,507
FCUserRun1_7884,Logged In Successfully,505
FCUserRun1_7814,Logged In Successfully,512
FCUserRun1_7905,Logged In Successfully,509
FCUserRun1_7871,Logged In Successfully,507
FCUserRun1_7898,Logged In Successfully,511
FCUserRun1_7903,Logged In Successfully,509
FCUserRun1_7837,Logged In Successfully,510
FCUserRun1_7929,Logged In Successfully,509
FCUserRun1_7922,Logged In Successfully,511
FCUserRun1_7920,Logged In Successfully,509
FCUserRun1_7897,Logged In Successfully,507
FCUserRun1_7870,Logged In Successfully,505
FCUserRun1_7916,Logged In Successfully,509
FCUserRun1_7938,Logged In Successfully,510
FCUserRun1_7942,Logged In Successfully,508
FCUserRun1_7907,Logged In Successfully,511
FCUserRun1_7921,Logged In Successfully,510
FCUserRun1_7949,Logged In Successfully,510
FCUserRun1_7956,Logged In Successfully,510
FCUserRun1_7928,Logged In Successfully,511
FCUserRun1_7975,Logged In Successfully,509
FCUserRun1_7967,Logged In Successfully,509
FCUserRun1_7985,Logged In Successfully,505
FCUserRun1_7924,Logged In Successfully,509
FCUserRun1_7974,Logged In Successfully,509
FCUserRun1_7971,Logged In Successfully,507
FCUserRun1_7990,Logged In Successfully,509
FCUserRun1_8004,Logged In Successfully,500
FCUserRun1_7960,Logged In Successfully,507
FCUserRun1_8020,Logged In Successfully,500
FCUserRun1_7941,Logged In Successfully,512
FCUserRun1_8010,Logged In Successfully,500
FCUserRun1_7965,Logged In Successfully,509
FCUserRun1_8040,Logged In Successfully,500
FCUserRun1_8018,Logged In Successfully,500
FCUserRun1_7955,Logged In Successfully,510
FCUserRun1_7957,Logged In Successfully,510
FCUserRun1_8028,Logged In Successfully,500
FCUserRun1_7969,Logged In Successfully,511
FCUserRun1_8001,Logged In Successfully,499
FCUserRun1_8006,Logged In Successfully,500
FCUserRun1_7970,Logged In Successfully,505
FCUserRun1_8036,Logged In Successfully,500
FCUserRun1_8042,Logged In Successfully,500
FCUserRun1_8072,Logged In Successfully,500
FCUserRun1_8070,Logged In Successfully,500
FCUserRun1_8026,Logged In Successfully,500
FCUserRun1_8080,Logged In Successfully,500
FCUserRun1_8069,Logged In Successfully,500
FCUserRun1_8085,Logged In Successfully,500
FCUserRun1_8024,Logged In Successfully,500
FCUserRun1_8066,Logged In Successfully,500
FCUserRun1_8090,Logged In Successfully,500
FCUserRun1_8091,Logged In Successfully,500
FCUserRun1_8077,Logged In Successfully,500
FCUserRun1_8086,Logged In Successfully,500
FCUserRun1_8101,Logged In Successfully,478
FCUserRun1_8063,Logged In Successfully,500
FCUserRun1_8107,Logged In Successfully,478
FCUserRun1_8109,Logged In Successfully,478
FCUserRun1_8104,Logged In Successfully,479
FCUserRun1_8112,Logged In Successfully,478
FCUserRun1_8119,Logged In Successfully,478
FCUserRun1_8136,Logged In Successfully,478
FCUserRun1_8068,Logged In Successfully,500
FCUserRun1_8051,Logged In Successfully,500
FCUserRun1_8124,Logged In Successfully,478
FCUserRun1_8135,Logged In Successfully,478
FCUserRun1_8147,Logged In Successfully,480
FCUserRun1_8102,Logged In Successfully,478
FCUserRun1_8140,Logged In Successfully,479
FCUserRun1_8143,Logged In Successfully,479
FCUserRun1_8166,Logged In Successfully,480
FCUserRun1_8158,Logged In Successfully,480
FCUserRun1_8156,Logged In Successfully,479
FCUserRun1_8155,Logged In Successfully,478
FCUserRun1_8173,Logged In Successfully,481
FCUserRun1_8078,Logged In Successfully,500
FCUserRun1_8071,Logged In Successfully,500
FCUserRun1_8175,Logged In Successfully,482
FCUserRun1_8182,Logged In Successfully,482
FCUserRun1_8105,Logged In Successfully,478
FCUserRun1_8193,Logged In Successfully,481
FCUserRun1_8181,Logged In Successfully,482
FCUserRun1_8100,Logged In Successfully,500
FCUserRun1_8202,Logged In Successfully,481
FCUserRun1_8200,Logged In Successfully,482
FCUserRun1_8210,Logged In Successfully,471
FCUserRun1_8171,Logged In Successfully,481
FCUserRun1_8216,Logged In Successfully,470
FCUserRun1_8176,Logged In Successfully,481
FCUserRun1_8139,Logged In Successfully,478
FCUserRun1_8131,Logged In Successfully,479
FCUserRun1_8224,Logged In Successfully,470
FCUserRun1_8242,Logged In Successfully,470
FCUserRun1_8196,Logged In Successfully,481
FCUserRun1_8232,Logged In Successfully,470
FCUserRun1_8187,Logged In Successfully,483
FCUserRun1_8235,Logged In Successfully,471
FCUserRun1_8246,Logged In Successfully,470
FCUserRun1_8172,Logged In Successfully,480
FCUserRun1_8255,Logged In Successfully,471
FCUserRun1_8195,Logged In Successfully,481
FCUserRun1_8263,Logged In Successfully,482
FCUserRun1_8205,Logged In Successfully,482
FCUserRun1_8186,Logged In Successfully,482
FCUserRun1_8286,Logged In Successfully,484
FCUserRun1_8274,Logged In Successfully,483
FCUserRun1_8285,Logged In Successfully,483
FCUserRun1_8212,Logged In Successfully,470
FCUserRun1_8270,Logged In Successfully,481
FCUserRun1_8264,Logged In Successfully,482
FCUserRun1_8310,Logged In Successfully,484
FCUserRun1_8309,Logged In Successfully,484
FCUserRun1_8293,Logged In Successfully,484
FCUserRun1_8290,Logged In Successfully,484
FCUserRun1_8311,Logged In Successfully,484
FCUserRun1_8243,Logged In Successfully,470
FCUserRun1_8244,Logged In Successfully,470
FCUserRun1_8330,Logged In Successfully,485
FCUserRun1_8268,Logged In Successfully,483
FCUserRun1_8340,Logged In Successfully,484
FCUserRun1_8337,Logged In Successfully,484
FCUserRun1_8333,Logged In Successfully,484
FCUserRun1_8281,Logged In Successfully,483
FCUserRun1_8256,Logged In Successfully,470
FCUserRun1_8358,Logged In Successfully,484
FCUserRun1_8362,Logged In Successfully,484
FCUserRun1_8265,Logged In Successfully,482
FCUserRun1_8342,Logged In Successfully,485
FCUserRun1_8360,Logged In Successfully,484
FCUserRun1_8303,Logged In Successfully,484
FCUserRun1_8376,Logged In Successfully,484
FCUserRun1_8338,Logged In Successfully,484
FCUserRun1_8364,Logged In Successfully,484
FCUserRun1_8372,Logged In Successfully,485
FCUserRun1_8394,Logged In Successfully,486
FCUserRun1_8400,Logged In Successfully,487
FCUserRun1_8401,Logged In Successfully,487
FCUserRun1_8348,Logged In Successfully,484
FCUserRun1_8363,Logged In Successfully,484
FCUserRun1_8393,Logged In Successfully,487
FCUserRun1_8383,Logged In Successfully,486
FCUserRun1_8300,Logged In Successfully,484
FCUserRun1_8370,Logged In Successfully,484
FCUserRun1_8420,Logged In Successfully,486
FCUserRun1_8414,Logged In Successfully,487
FCUserRun1_8432,Logged In Successfully,488
FCUserRun1_8431,Logged In Successfully,487
FCUserRun1_8415,Logged In Successfully,487
FCUserRun1_8419,Logged In Successfully,487
FCUserRun1_8321,Logged In Successfully,484
FCUserRun1_8389,Logged In Successfully,485
FCUserRun1_8438,Logged In Successfully,488
FCUserRun1_8461,Logged In Successfully,477
FCUserRun1_8332,Logged In Successfully,484
FCUserRun1_8462,Logged In Successfully,476
FCUserRun1_8446,Logged In Successfully,476
FCUserRun1_8468,Logged In Successfully,477
FCUserRun1_8453,Logged In Successfully,476
FCUserRun1_8457,Logged In Successfully,476
FCUserRun1_8386,Logged In Successfully,486
FCUserRun1_8483,Logged In Successfully,477
FCUserRun1_8471,Logged In Successfully,477
FCUserRun1_8465,Logged In Successfully,476
FCUserRun1_8485,Logged In Successfully,476
FCUserRun1_8492,Logged In Successfully,477
FCUserRun1_8491,Logged In Successfully,478
FCUserRun1_8466,Logged In Successfully,476
FCUserRun1_8443,Logged In Successfully,477
FCUserRun1_8470,Logged In Successfully,477
FCUserRun1_8489,Logged In Successfully,478
FCUserRun1_8504,Logged In Successfully,489
FCUserRun1_8506,Logged In Successfully,489
FCUserRun1_8502,Logged In Successfully,489
FCUserRun1_8482,Logged In Successfully,477
FCUserRun1_8511,Logged In Successfully,488
FCUserRun1_8513,Logged In Successfully,489
FCUserRun1_8496,Logged In Successfully,487
FCUserRun1_8518,Logged In Successfully,489
FCUserRun1_8528,Logged In Successfully,488
FCUserRun1_8529,Logged In Successfully,488
FCUserRun1_8515,Logged In Successfully,489
FCUserRun1_8533,Logged In Successfully,489
FCUserRun1_8530,Logged In Successfully,489
FCUserRun1_8537,Logged In Successfully,490
FCUserRun1_8510,Logged In Successfully,488
FCUserRun1_8553,Logged In Successfully,489
FCUserRun1_8526,Logged In Successfully,488
FCUserRun1_8525,Logged In Successfully,489
FCUserRun1_8558,Logged In Successfully,490
FCUserRun1_8435,Logged In Successfully,487
FCUserRun1_8425,Logged In Successfully,487
FCUserRun1_8545,Logged In Successfully,489
FCUserRun1_8561,Logged In Successfully,489
FCUserRun1_8563,Logged In Successfully,489
FCUserRun1_8575,Logged In Successfully,489
FCUserRun1_8550,Logged In Successfully,489
FCUserRun1_8556,Logged In Successfully,490
FCUserRun1_8577,Logged In Successfully,489
FCUserRun1_8572,Logged In Successfully,490
FCUserRun1_8585,Logged In Successfully,490
FCUserRun1_8589,Logged In Successfully,490
FCUserRun1_8595,Logged In Successfully,490
FCUserRun1_8601,Logged In Successfully,490
FCUserRun1_8581,Logged In Successfully,490
FCUserRun1_8512,Logged In Successfully,489
FCUserRun1_8597,Logged In Successfully,489
FCUserRun1_8593,Logged In Successfully,489
FCUserRun1_8614,Logged In Successfully,491
FCUserRun1_8611,Logged In Successfully,491
FCUserRun1_8622,Logged In Successfully,491
FCUserRun1_8602,Logged In Successfully,489
FCUserRun1_8613,Logged In Successfully,490
FCUserRun1_8627,Logged In Successfully,492
FCUserRun1_8628,Logged In Successfully,491
FCUserRun1_8635,Logged In Successfully,491
FCUserRun1_8598,Logged In Successfully,489
FCUserRun1_8634,Logged In Successfully,491
FCUserRun1_8631,Logged In Successfully,491
FCUserRun1_8603,Logged In Successfully,490
FCUserRun1_8649,Logged In Successfully,491
FCUserRun1_8650,Logged In Successfully,492
FCUserRun1_8543,Logged In Successfully,489
FCUserRun1_8629,Logged In Successfully,491
FCUserRun1_8662,Logged In Successfully,491
FCUserRun1_8664,Logged In Successfully,491
FCUserRun1_8660,Logged In Successfully,491
FCUserRun1_8641,Logged In Successfully,492
FCUserRun1_8643,Logged In Successfully,492
FCUserRun1_8669,Logged In Successfully,491
FCUserRun1_8672,Logged In Successfully,491
FCUserRun1_8667,Logged In Successfully,491
FCUserRun1_8671,Logged In Successfully,491
FCUserRun1_8685,Logged In Successfully,482
FCUserRun1_8696,Logged In Successfully,481
FCUserRun1_8689,Logged In Successfully,482
FCUserRun1_8702,Logged In Successfully,481
FCUserRun1_8694,Logged In Successfully,481
FCUserRun1_8687,Logged In Successfully,481
FCUserRun1_8701,Logged In Successfully,482
FCUserRun1_8625,Logged In Successfully,492
FCUserRun1_8710,Logged In Successfully,482
FCUserRun1_8707,Logged In Successfully,481
FCUserRun1_8590,Logged In Successfully,490
FCUserRun1_8668,Logged In Successfully,491
FCUserRun1_8722,Logged In Successfully,519
FCUserRun1_8720,Logged In Successfully,483
FCUserRun1_8632,Logged In Successfully,490
FCUserRun1_8721,Logged In Successfully,521
FCUserRun1_8729,Logged In Successfully,528
FCUserRun1_8723,Logged In Successfully,517
FCUserRun1_8748,Logged In Successfully,528
FCUserRun1_8746,Logged In Successfully,529
FCUserRun1_8648,Logged In Successfully,491
FCUserRun1_8688,Logged In Successfully,481
FCUserRun1_8749,Logged In Successfully,528
FCUserRun1_8742,Logged In Successfully,528
FCUserRun1_8747,Logged In Successfully,528
FCUserRun1_8713,Logged In Successfully,482
FCUserRun1_8760,Logged In Successfully,528
FCUserRun1_8756,Logged In Successfully,528
FCUserRun1_8734,Logged In Successfully,528
FCUserRun1_8789,Logged In Successfully,526
FCUserRun1_8753,Logged In Successfully,530
FCUserRun1_8776,Logged In Successfully,526
FCUserRun1_8659,Logged In Successfully,490
FCUserRun1_8797,Logged In Successfully,526
FCUserRun1_8750,Logged In Successfully,529
FCUserRun1_8777,Logged In Successfully,528
FCUserRun1_8775,Logged In Successfully,528
FCUserRun1_8780,Logged In Successfully,526
FCUserRun1_8806,Logged In Successfully,526
FCUserRun1_8794,Logged In Successfully,526
FCUserRun1_8786,Logged In Successfully,526
FCUserRun1_8830,Logged In Successfully,527
FCUserRun1_8785,Logged In Successfully,528
FCUserRun1_8837,Logged In Successfully,526
FCUserRun1_8824,Logged In Successfully,526
FCUserRun1_8839,Logged In Successfully,526
FCUserRun1_8810,Logged In Successfully,528
FCUserRun1_8846,Logged In Successfully,528
FCUserRun1_8737,Logged In Successfully,530
FCUserRun1_8834,Logged In Successfully,528
FCUserRun1_8821,Logged In Successfully,526
FCUserRun1_8857,Logged In Successfully,526
FCUserRun1_8827,Logged In Successfully,526
FCUserRun1_8803,Logged In Successfully,528
FCUserRun1_8860,Logged In Successfully,529
FCUserRun1_8869,Logged In Successfully,526
FCUserRun1_8850,Logged In Successfully,528
FCUserRun1_8884,Logged In Successfully,524
FCUserRun1_8853,Logged In Successfully,526
FCUserRun1_8818,Logged In Successfully,528
FCUserRun1_8831,Logged In Successfully,528
FCUserRun1_8822,Logged In Successfully,526
FCUserRun1_8887,Logged In Successfully,528
FCUserRun1_8893,Logged In Successfully,525
FCUserRun1_8886,Logged In Successfully,526
FCUserRun1_8881,Logged In Successfully,525
FCUserRun1_8872,Logged In Successfully,526
FCUserRun1_8877,Logged In Successfully,524
FCUserRun1_8888,Logged In Successfully,526
FCUserRun1_8912,Logged In Successfully,526
FCUserRun1_8883,Logged In Successfully,524
FCUserRun1_8906,Logged In Successfully,524
FCUserRun1_8910,Logged In Successfully,515
FCUserRun1_8924,Logged In Successfully,517
FCUserRun1_8907,Logged In Successfully,524
FCUserRun1_8914,Logged In Successfully,517
FCUserRun1_8894,Logged In Successfully,526
FCUserRun1_8942,Logged In Successfully,515
FCUserRun1_8875,Logged In Successfully,527
FCUserRun1_8905,Logged In Successfully,524
FCUserRun1_8930,Logged In Successfully,515
FCUserRun1_8918,Logged In Successfully,515
FCUserRun1_8926,Logged In Successfully,515
FCUserRun1_8946,Logged In Successfully,515
FCUserRun1_8957,Logged In Successfully,515
FCUserRun1_8961,Logged In Successfully,515
FCUserRun1_8941,Logged In Successfully,518
FCUserRun1_8935,Logged In Successfully,515
FCUserRun1_8964,Logged In Successfully,517
FCUserRun1_8966,Logged In Successfully,523
FCUserRun1_8981,Logged In Successfully,523
FCUserRun1_8932,Logged In Successfully,515
FCUserRun1_8971,Logged In Successfully,523
FCUserRun1_8954,Logged In Successfully,515
FCUserRun1_9002,Logged In Successfully,523
FCUserRun1_8984,Logged In Successfully,521
FCUserRun1_8952,Logged In Successfully,515
FCUserRun1_8995,Logged In Successfully,523
FCUserRun1_8983,Logged In Successfully,523
FCUserRun1_9000,Logged In Successfully,523
FCUserRun1_9004,Logged In Successfully,524
FCUserRun1_9003,Logged In Successfully,523
FCUserRun1_9016,Logged In Successfully,521
FCUserRun1_8978,Logged In Successfully,523
FCUserRun1_8998,Logged In Successfully,523
FCUserRun1_9010,Logged In Successfully,523
FCUserRun1_9038,Logged In Successfully,523
FCUserRun1_9029,Logged In Successfully,521
FCUserRun1_9018,Logged In Successfully,521
FCUserRun1_8972,Logged In Successfully,523
FCUserRun1_9015,Logged In Successfully,521
FCUserRun1_9026,Logged In Successfully,521
FCUserRun1_9046,Logged In Successfully,521
FCUserRun1_9049,Logged In Successfully,521
FCUserRun1_9054,Logged In Successfully,521
FCUserRun1_9033,Logged In Successfully,521
FCUserRun1_9065,Logged In Successfully,521
FCUserRun1_9071,Logged In Successfully,521
FCUserRun1_9056,Logged In Successfully,523
FCUserRun1_9075,Logged In Successfully,521
FCUserRun1_9067,Logged In Successfully,521
FCUserRun1_9077,Logged In Successfully,521
FCUserRun1_9080,Logged In Successfully,521
FCUserRun1_9076,Logged In Successfully,523
FCUserRun1_9060,Logged In Successfully,521
FCUserRun1_9061,Logged In Successfully,521
FCUserRun1_9027,Logged In Successfully,523
FCUserRun1_9098,Logged In Successfully,521
FCUserRun1_9069,Logged In Successfully,521
FCUserRun1_9105,Logged In Successfully,521
FCUserRun1_9109,Logged In Successfully,522
FCUserRun1_9095,Logged In Successfully,521
FCUserRun1_9031,Logged In Successfully,523
FCUserRun1_9113,Logged In Successfully,521
FCUserRun1_9042,Logged In Successfully,521
FCUserRun1_9114,Logged In Successfully,521
FCUserRun1_9118,Logged In Successfully,521
FCUserRun1_9104,Logged In Successfully,519
FCUserRun1_9128,Logged In Successfully,519
FCUserRun1_9131,Logged In Successfully,519
FCUserRun1_9144,Logged In Successfully,519
FCUserRun1_9087,Logged In Successfully,521
FCUserRun1_9135,Logged In Successfully,519
FCUserRun1_9151,Logged In Successfully,513
FCUserRun1_9134,Logged In Successfully,521
FCUserRun1_9133,Logged In Successfully,521
FCUserRun1_9143,Logged In Successfully,521
FCUserRun1_9158,Logged In Successfully,522
FCUserRun1_9129,Logged In Successfully,521
FCUserRun1_9160,Logged In Successfully,513
FCUserRun1_9174,Logged In Successfully,511
FCUserRun1_9183,Logged In Successfully,511
FCUserRun1_9184,Logged In Successfully,509
FCUserRun1_9102,Logged In Successfully,519
FCUserRun1_9165,Logged In Successfully,511
FCUserRun1_9123,Logged In Successfully,519
FCUserRun1_9185,Logged In Successfully,511
FCUserRun1_9180,Logged In Successfully,511
FCUserRun1_9193,Logged In Successfully,519
FCUserRun1_9202,Logged In Successfully,518
FCUserRun1_9150,Logged In Successfully,513
FCUserRun1_9190,Logged In Successfully,511
FCUserRun1_9122,Logged In Successfully,521
FCUserRun1_9213,Logged In Successfully,518
FCUserRun1_9211,Logged In Successfully,518
FCUserRun1_9163,Logged In Successfully,511
FCUserRun1_9205,Logged In Successfully,516
FCUserRun1_9227,Logged In Successfully,518
FCUserRun1_9228,Logged In Successfully,516
FCUserRun1_9219,Logged In Successfully,518
FCUserRun1_9224,Logged In Successfully,518
FCUserRun1_9208,Logged In Successfully,518
FCUserRun1_9239,Logged In Successfully,520
FCUserRun1_9242,Logged In Successfully,518
FCUserRun1_9241,Logged In Successfully,518
FCUserRun1_9210,Logged In Successfully,518
FCUserRun1_9181,Logged In Successfully,513
FCUserRun1_9171,Logged In Successfully,511
FCUserRun1_9237,Logged In Successfully,516
FCUserRun1_9251,Logged In Successfully,521
FCUserRun1_9253,Logged In Successfully,519
FCUserRun1_9255,Logged In Successfully,521
FCUserRun1_9254,Logged In Successfully,519
FCUserRun1_9271,Logged In Successfully,519
FCUserRun1_9273,Logged In Successfully,519
FCUserRun1_9207,Logged In Successfully,516
FCUserRun1_9281,Logged In Successfully,519
FCUserRun1_9269,Logged In Successfully,519
FCUserRun1_9270,Logged In Successfully,519
FCUserRun1_9274,Logged In Successfully,519
FCUserRun1_9290,Logged In Successfully,519
FCUserRun1_9286,Logged In Successfully,519
FCUserRun1_9295,Logged In Successfully,519
FCUserRun1_9240,Logged In Successfully,518
FCUserRun1_9282,Logged In Successfully,519
FCUserRun1_9278,Logged In Successfully,519
FCUserRun1_9318,Logged In Successfully,518
FCUserRun1_9287,Logged In Successfully,519
FCUserRun1_9301,Logged In Successfully,520
FCUserRun1_9293,Logged In Successfully,519
FCUserRun1_9319,Logged In Successfully,520
FCUserRun1_9345,Logged In Successfully,518
FCUserRun1_9291,Logged In Successfully,519
FCUserRun1_9316,Logged In Successfully,520
FCUserRun1_9338,Logged In Successfully,516
FCUserRun1_9322,Logged In Successfully,520
FCUserRun1_9314,Logged In Successfully,520
FCUserRun1_9359,Logged In Successfully,514
FCUserRun1_9330,Logged In Successfully,520
FCUserRun1_9299,Logged In Successfully,519
FCUserRun1_9369,Logged In Successfully,514
FCUserRun1_9333,Logged In Successfully,518
FCUserRun1_9331,Logged In Successfully,520
FCUserRun1_9362,Logged In Successfully,514
FCUserRun1_9372,Logged In Successfully,516
FCUserRun1_9355,Logged In Successfully,514
FCUserRun1_9352,Logged In Successfully,514
FCUserRun1_9386,Logged In Successfully,507
FCUserRun1_9370,Logged In Successfully,514
FCUserRun1_9414,Logged In Successfully,507
FCUserRun1_9415,Logged In Successfully,507
FCUserRun1_9394,Logged In Successfully,507
FCUserRun1_9379,Logged In Successfully,512
FCUserRun1_9402,Logged In Successfully,507
FCUserRun1_9426,Logged In Successfully,507
FCUserRun1_9420,Logged In Successfully,507
FCUserRun1_9397,Logged In Successfully,505
FCUserRun1_9410,Logged In Successfully,507
FCUserRun1_9382,Logged In Successfully,507
FCUserRun1_9412,Logged In Successfully,507
FCUserRun1_9375,Logged In Successfully,514
FCUserRun1_9445,Logged In Successfully,513
FCUserRun1_9341,Logged In Successfully,520
FCUserRun1_9452,Logged In Successfully,511
FCUserRun1_9400,Logged In Successfully,507
FCUserRun1_9439,Logged In Successfully,513
FCUserRun1_9468,Logged In Successfully,513
FCUserRun1_9477,Logged In Successfully,511
FCUserRun1_9473,Logged In Successfully,511
FCUserRun1_9471,Logged In Successfully,511
FCUserRun1_9399,Logged In Successfully,507
FCUserRun1_9474,Logged In Successfully,511
FCUserRun1_9475,Logged In Successfully,511
FCUserRun1_9451,Logged In Successfully,511
FCUserRun1_9465,Logged In Successfully,511
FCUserRun1_9491,Logged In Successfully,511
FCUserRun1_9464,Logged In Successfully,511
FCUserRun1_9505,Logged In Successfully,512
FCUserRun1_9469,Logged In Successfully,513
FCUserRun1_9497,Logged In Successfully,511
FCUserRun1_9506,Logged In Successfully,511
FCUserRun1_9458,Logged In Successfully,511
FCUserRun1_9512,Logged In Successfully,511
FCUserRun1_9516,Logged In Successfully,509
FCUserRun1_9484,Logged In Successfully,513
FCUserRun1_9504,Logged In Successfully,511
FCUserRun1_9525,Logged In Successfully,511
FCUserRun1_9527,Logged In Successfully,511
FCUserRun1_9517,Logged In Successfully,513
FCUserRun1_9518,Logged In Successfully,511
FCUserRun1_9528,Logged In Successfully,509
FCUserRun1_9529,Logged In Successfully,511
FCUserRun1_9492,Logged In Successfully,511
FCUserRun1_9531,Logged In Successfully,509
FCUserRun1_9532,Logged In Successfully,509
FCUserRun1_9552,Logged In Successfully,509
FCUserRun1_9521,Logged In Successfully,511
FCUserRun1_9520,Logged In Successfully,511
FCUserRun1_9568,Logged In Successfully,512
FCUserRun1_9547,Logged In Successfully,509
FCUserRun1_9561,Logged In Successfully,511
FCUserRun1_9562,Logged In Successfully,511
FCUserRun1_9545,Logged In Successfully,511
FCUserRun1_9551,Logged In Successfully,509
FCUserRun1_9569,Logged In Successfully,510
FCUserRun1_9587,Logged In Successfully,510
FCUserRun1_9583,Logged In Successfully,510
FCUserRun1_9582,Logged In Successfully,512
FCUserRun1_9586,Logged In Successfully,512
FCUserRun1_9558,Logged In Successfully,509
FCUserRun1_9591,Logged In Successfully,511
FCUserRun1_9605,Logged In Successfully,509
FCUserRun1_9574,Logged In Successfully,510
FCUserRun1_9593,Logged In Successfully,509
FCUserRun1_9614,Logged In Successfully,506
FCUserRun1_9596,Logged In Successfully,510
FCUserRun1_9570,Logged In Successfully,510
FCUserRun1_9620,Logged In Successfully,503
FCUserRun1_9627,Logged In Successfully,503
FCUserRun1_9642,Logged In Successfully,503
FCUserRun1_9646,NOT_FOUND(message),NOT_FOUND(availablePts)
FCUserRun1_9597,Logged In Successfully,509
FCUserRun1_9608,Logged In Successfully,509
FCUserRun1_9632,Logged In Successfully,504
FCUserRun1_9592,Logged In Successfully,509
FCUserRun1_9647,Logged In Successfully,503
FCUserRun1_9656,Logged In Successfully,501
FCUserRun1_9628,Logged In Successfully,503
FCUserRun1_9610,Logged In Successfully,509
FCUserRun1_9655,Logged In Successfully,503
FCUserRun1_9653,Logged In Successfully,504
FCUserRun1_9666,Logged In Successfully,508
FCUserRun1_9686,Logged In Successfully,508
FCUserRun1_9687,Logged In Successfully,508
FCUserRun1_9658,Logged In Successfully,503
FCUserRun1_9634,Logged In Successfully,503
FCUserRun1_9644,Logged In Successfully,503
FCUserRun1_9667,Logged In Successfully,508
FCUserRun1_9668,Logged In Successfully,508
FCUserRun1_9677,Logged In Successfully,508
FCUserRun1_9690,Logged In Successfully,508
FCUserRun1_9678,Logged In Successfully,506
FCUserRun1_9680,Logged In Successfully,508
FCUserRun1_9712,Logged In Successfully,506
FCUserRun1_9688,Logged In Successfully,508
FCUserRun1_9721,Logged In Successfully,506
FCUserRun1_9716,Logged In Successfully,508
FCUserRun1_9732,Logged In Successfully,506
FCUserRun1_9718,Logged In Successfully,508
FCUserRun1_9711,Logged In Successfully,506
FCUserRun1_9728,Logged In Successfully,508
FCUserRun1_9731,Logged In Successfully,508
FCUserRun1_9726,Logged In Successfully,506
FCUserRun1_9750,Logged In Successfully,506
FCUserRun1_9708,Logged In Successfully,508
FCUserRun1_9720,Logged In Successfully,506
FCUserRun1_9745,Logged In Successfully,508
FCUserRun1_9751,Logged In Successfully,506
FCUserRun1_9736,Logged In Successfully,506
FCUserRun1_9782,Logged In Successfully,506
FCUserRun1_9734,Logged In Successfully,506
FCUserRun1_9768,Logged In Successfully,507
FCUserRun1_9765,Logged In Successfully,507
FCUserRun1_9779,Logged In Successfully,507
FCUserRun1_9762,Logged In Successfully,507
FCUserRun1_9769,Logged In Successfully,507
FCUserRun1_9790,Logged In Successfully,508
FCUserRun1_9795,Logged In Successfully,506
FCUserRun1_9754,Logged In Successfully,508
FCUserRun1_9781,Logged In Successfully,507
FCUserRun1_9810,Logged In Successfully,506
FCUserRun1_9814,Logged In Successfully,506
FCUserRun1_9786,Logged In Successfully,506
FCUserRun1_9801,Logged In Successfully,506
FCUserRun1_9804,Logged In Successfully,506
FCUserRun1_9794,Logged In Successfully,506
FCUserRun1_9807,Logged In Successfully,506
FCUserRun1_9813,Logged In Successfully,506
FCUserRun1_9817,Logged In Successfully,506
FCUserRun1_9816,Logged In Successfully,506
FCUserRun1_9785,Logged In Successfully,506
FCUserRun1_9808,Logged In Successfully,506
FCUserRun1_9843,Logged In Successfully,506
FCUserRun1_9839,Logged In Successfully,504
FCUserRun1_9850,Logged In Successfully,501
FCUserRun1_9855,Logged In Successfully,501
FCUserRun1_9834,Logged In Successfully,506
FCUserRun1_9820,Logged In Successfully,506
FCUserRun1_9863,Logged In Successfully,501
FCUserRun1_9872,Logged In Successfully,501
FCUserRun1_9828,Logged In Successfully,506
FCUserRun1_9856,Logged In Successfully,501
FCUserRun1_9848,Logged In Successfully,501
FCUserRun1_9842,Logged In Successfully,506
FCUserRun1_9867,Logged In Successfully,499
FCUserRun1_9866,Logged In Successfully,499
FCUserRun1_9885,Logged In Successfully,499
FCUserRun1_9893,Logged In Successfully,501
FCUserRun1_9898,Logged In Successfully,499
FCUserRun1_9877,Logged In Successfully,501
FCUserRun1_9880,Logged In Successfully,499
FCUserRun1_9857,Logged In Successfully,499
FCUserRun1_9895,Logged In Successfully,499
FCUserRun1_9889,Logged In Successfully,499
FCUserRun1_9868,Logged In Successfully,499
FCUserRun1_9905,Logged In Successfully,503
FCUserRun1_9907,Logged In Successfully,503
FCUserRun1_9924,Logged In Successfully,503
FCUserRun1_9897,Logged In Successfully,499
FCUserRun1_9936,Logged In Successfully,503
FCUserRun1_9941,Logged In Successfully,503
FCUserRun1_9919,Logged In Successfully,499
FCUserRun1_9939,Logged In Successfully,503
FCUserRun1_9917,Logged In Successfully,503
FCUserRun1_9944,Logged In Successfully,503
FCUserRun1_9933,Logged In Successfully,503
FCUserRun1_9929,Logged In Successfully,503
FCUserRun1_9927,Logged In Successfully,503
FCUserRun1_9948,Logged In Successfully,503
FCUserRun1_9979,Logged In Successfully,505
FCUserRun1_9928,Logged In Successfully,503
FCUserRun1_9956,Logged In Successfully,506
FCUserRun1_9971,Logged In Successfully,506
FCUserRun1_9959,Logged In Successfully,504
FCUserRun1_9973,Logged In Successfully,504
FCUserRun1_10001,Logged In Successfully,5
FCUserRun1_9965,Logged In Successfully,502
FCUserRun1_9932,Logged In Successfully,505
FCUserRun1_9954,Logged In Successfully,504
FCUserRun1_9981,Logged In Successfully,503
FCUserRun1_9989,Logged In Successfully,505
FCUserRun1_10012,Logged In Successfully,5
FCUserRun1_10007,Logged In Successfully,5
FCUserRun1_9992,Logged In Successfully,505
FCUserRun1_10005,Logged In Successfully,5
FCUserRun1_9978,Logged In Successfully,503
FCUserRun1_10011,Logged In Successfully,5
FCUserRun1_10023,Logged In Successfully,5
FCUserRun1_10019,Logged In Successfully,5
FCUserRun1_9984,Logged In Successfully,503
FCUserRun1_10020,Logged In Successfully,5
FCUserRun1_10029,Logged In Successfully,5
FCUserRun1_10031,Logged In Successfully,5
FCUserRun1_10055,Logged In Successfully,5
FCUserRun1_10053,Logged In Successfully,5
FCUserRun1_10035,Logged In Successfully,5
FCUserRun1_10025,Logged In Successfully,5
FCUserRun1_10044,Logged In Successfully,5
FCUserRun1_10068,Logged In Successfully,5
FCUserRun1_10051,Logged In Successfully,5
FCUserRun1_10060,Logged In Successfully,5
FCUserRun1_10052,Logged In Successfully,5
FCUserRun1_10087,Logged In Successfully,5
FCUserRun1_10026,Logged In Successfully,5
FCUserRun1_10089,Logged In Successfully,5
FCUserRun1_10057,Logged In Successfully,5
FCUserRun1_10070,Logged In Successfully,5
FCUserRun1_10067,Logged In Successfully,5
FCUserRun1_10080,Logged In Successfully,5
FCUserRun1_10085,Logged In Successfully,5
FCUserRun1_10043,Logged In Successfully,5
FCUserRun1_10100,Logged In Successfully,5
FCUserRun1_10082,Logged In Successfully,5
FCUserRun1_10081,Logged In Successfully,5
FCUserRun1_10110,Logged In Successfully,1
FCUserRun1_10113,Logged In Successfully,1
FCUserRun1_10092,Logged In Successfully,5
FCUserRun1_10120,Logged In Successfully,1
FCUserRun1_10124,Logged In Successfully,1
FCUserRun1_10130,Logged In Successfully,1
FCUserRun1_10112,Logged In Successfully,1
FCUserRun1_10138,Logged In Successfully,1
FCUserRun1_10104,Logged In Successfully,1
FCUserRun1_10115,Logged In Successfully,1
FCUserRun1_10123,Logged In Successfully,1
FCUserRun1_10160,Logged In Successfully,2
FCUserRun1_10121,Logged In Successfully,1
FCUserRun1_10154,Logged In Successfully,1
FCUserRun1_10146,Logged In Successfully,1
FCUserRun1_10135,Logged In Successfully,1
FCUserRun1_10172,Logged In Successfully,2
FCUserRun1_10114,Logged In Successfully,1
FCUserRun1_10139,Logged In Successfully,2
FCUserRun1_10167,Logged In Successfully,2
FCUserRun1_10157,Logged In Successfully,2
FCUserRun1_10179,Logged In Successfully,2
FCUserRun1_10178,Logged In Successfully,2
FCUserRun1_10158,Logged In Successfully,2
FCUserRun1_10204,Logged In Successfully,1
FCUserRun1_10195,Logged In Successfully,1
FCUserRun1_10198,Logged In Successfully,1
FCUserRun1_10210,Logged In Successfully,2
FCUserRun1_10161,Logged In Successfully,1
FCUserRun1_10188,Logged In Successfully,2
FCUserRun1_10196,Logged In Successfully,1
FCUserRun1_10220,Logged In Successfully,1
FCUserRun1_10212,Logged In Successfully,1
FCUserRun1_10209,Logged In Successfully,1
FCUserRun1_10189,Logged In Successfully,2
FCUserRun1_10214,Logged In Successfully,1
FCUserRun1_10193,Logged In Successfully,1
FCUserRun1_10197,Logged In Successfully,1
FCUserRun1_10183,Logged In Successfully,2
FCUserRun1_10229,Logged In Successfully,1
FCUserRun1_10247,Logged In Successfully,1
FCUserRun1_10246,Logged In Successfully,1
FCUserRun1_10230,Logged In Successfully,2
FCUserRun1_10243,Logged In Successfully,1
FCUserRun1_10259,Logged In Successfully,1
FCUserRun1_10256,Logged In Successfully,1
FCUserRun1_10228,Logged In Successfully,2
FCUserRun1_10255,Logged In Successfully,1
FCUserRun1_10248,Logged In Successfully,1
FCUserRun1_10260,Logged In Successfully,1
FCUserRun1_10269,Logged In Successfully,1
FCUserRun1_10237,Logged In Successfully,1
FCUserRun1_10235,Logged In Successfully,1
FCUserRun1_10254,Logged In Successfully,1
FCUserRun1_10251,Logged In Successfully,1
FCUserRun1_10298,Logged In Successfully,1
FCUserRun1_10287,Logged In Successfully,1
FCUserRun1_10282,Logged In Successfully,1
FCUserRun1_10292,Logged In Successfully,1
FCUserRun1_10303,Logged In Successfully,1
FCUserRun1_10296,Logged In Successfully,1
FCUserRun1_10317,Logged In Successfully,1
FCUserRun1_10308,Logged In Successfully,1
FCUserRun1_10315,Logged In Successfully,1
FCUserRun1_10328,Logged In Successfully,1
FCUserRun1_10284,Logged In Successfully,1
FCUserRun1_10297,Logged In Successfully,1
FCUserRun1_10289,Logged In Successfully,1
FCUserRun1_10311,Logged In Successfully,1
FCUserRun1_10327,Logged In Successfully,1
FCUserRun1_10300,Logged In Successfully,1
FCUserRun1_10313,Logged In Successfully,1
FCUserRun1_10339,Logged In Successfully,1
FCUserRun1_10359,Logged In Successfully,1
FCUserRun1_10343,Logged In Successfully,1
FCUserRun1_10369,Logged In Successfully,1
FCUserRun1_10342,Logged In Successfully,1
FCUserRun1_10348,Logged In Successfully,1
FCUserRun1_10361,Logged In Successfully,1
FCUserRun1_10330,Logged In Successfully,1
FCUserRun1_10368,Logged In Successfully,1
FCUserRun1_10353,Logged In Successfully,1
FCUserRun1_10381,Logged In Successfully,1
FCUserRun1_10373,Logged In Successfully,1
FCUserRun1_10376,Logged In Successfully,1
FCUserRun1_10367,Logged In Successfully,1
FCUserRun1_10374,Logged In Successfully,1
FCUserRun1_10399,Logged In Successfully,1
FCUserRun1_10410,Logged In Successfully,1
FCUserRun1_10407,Logged In Successfully,1
FCUserRun1_10427,Logged In Successfully,1
FCUserRun1_10396,Logged In Successfully,1
FCUserRun1_10426,Logged In Successfully,1
FCUserRun1_10386,Logged In Successfully,1
FCUserRun1_10428,Logged In Successfully,1
FCUserRun1_10384,Logged In Successfully,1
FCUserRun1_10395,Logged In Successfully,1
FCUserRun1_10424,Logged In Successfully,1
FCUserRun1_10434,Logged In Successfully,1
FCUserRun1_10443,Logged In Successfully,1
FCUserRun1_10448,Logged In Successfully,1
FCUserRun1_10442,Logged In Successfully,1
FCUserRun1_10474,Logged In Successfully,1
FCUserRun1_10429,Logged In Successfully,1
FCUserRun1_10458,Logged In Successfully,1
FCUserRun1_10478,Logged In Successfully,1
FCUserRun1_10480,Logged In Successfully,1
FCUserRun1_10441,Logged In Successfully,1
FCUserRun1_10479,Logged In Successfully,1
FCUserRun1_10469,Logged In Successfully,1
FCUserRun1_10464,Logged In Successfully,1
FCUserRun1_10418,Logged In Successfully,1
FCUserRun1_10403,Logged In Successfully,1
FCUserRun1_10456,Logged In Successfully,1
FCUserRun1_10449,Logged In Successfully,1
FCUserRun1_10461,Logged In Successfully,1
FCUserRun1_10470,Logged In Successfully,1
FCUserRun1_10499,Logged In Successfully,1
FCUserRun1_10496,Logged In Successfully,1
FCUserRun1_10509,Logged In Successfully,1
FCUserRun1_10513,Logged In Successfully,1
FCUserRun1_10490,Logged In Successfully,1
FCUserRun1_10519,Logged In Successfully,1
FCUserRun1_10506,Logged In Successfully,1
FCUserRun1_10521,Logged In Successfully,1
FCUserRun1_10526,Logged In Successfully,1
FCUserRun1_10533,Logged In Successfully,1
FCUserRun1_10538,Logged In Successfully,1
FCUserRun1_10529,Logged In Successfully,1
FCUserRun1_10525,Logged In Successfully,1
FCUserRun1_10551,Logged In Successfully,1
FCUserRun1_10503,Logged In Successfully,1
FCUserRun1_10552,Logged In Successfully,1
FCUserRun1_10523,Logged In Successfully,1
FCUserRun1_10570,Logged In Successfully,1
FCUserRun1_10542,Logged In Successfully,1
FCUserRun1_10573,Logged In Successfully,1
FCUserRun1_10535,Logged In Successfully,1
FCUserRun1_10566,Logged In Successfully,1
FCUserRun1_10557,Logged In Successfully,1
FCUserRun1_10554,Logged In Successfully,2
FCUserRun1_10577,Logged In Successfully,1
FCUserRun1_10575,Logged In Successfully,1
FCUserRun1_10564,Logged In Successfully,1
FCUserRun1_10559,Logged In Successfully,1
FCUserRun1_10560,Logged In Successfully,1
FCUserRun1_10580,Logged In Successfully,1
FCUserRun1_10583,Logged In Successfully,1
FCUserRun1_10603,Logged In Successfully,1
FCUserRun1_10617,Logged In Successfully,1
FCUserRun1_10608,Logged In Successfully,1
FCUserRun1_10584,Logged In Successfully,1
FCUserRun1_10607,Logged In Successfully,1
FCUserRun1_10604,Logged In Successfully,1
FCUserRun1_10610,Logged In Successfully,2
FCUserRun1_10625,Logged In Successfully,1
FCUserRun1_10613,Logged In Successfully,1
FCUserRun1_10638,Logged In Successfully,1
FCUserRun1_10597,Logged In Successfully,1
FCUserRun1_10600,Logged In Successfully,1
FCUserRun1_10655,Logged In Successfully,1
FCUserRun1_10656,Logged In Successfully,1
FCUserRun1_10628,Logged In Successfully,1
FCUserRun1_10652,Logged In Successfully,1
FCUserRun1_10665,Logged In Successfully,1
FCUserRun1_10626,Logged In Successfully,1
FCUserRun1_10644,Logged In Successfully,1
FCUserRun1_10666,Logged In Successfully,1
FCUserRun1_10660,Logged In Successfully,1
FCUserRun1_10684,Logged In Successfully,1
FCUserRun1_10623,Logged In Successfully,1
FCUserRun1_10646,Logged In Successfully,1
FCUserRun1_10686,Logged In Successfully,2
FCUserRun1_10657,Logged In Successfully,1
FCUserRun1_10688,Logged In Successfully,1
FCUserRun1_10669,Logged In Successfully,1
FCUserRun1_10691,Logged In Successfully,1
FCUserRun1_10676,Logged In Successfully,1
FCUserRun1_10694,Logged In Successfully,1
FCUserRun1_10687,Logged In Successfully,1
FCUserRun1_10713,Logged In Successfully,1
FCUserRun1_10723,Logged In Successfully,1
FCUserRun1_10635,Logged In Successfully,1
FCUserRun1_10711,Logged In Successfully,1
FCUserRun1_10714,Logged In Successfully,1
FCUserRun1_10703,Logged In Successfully,1
FCUserRun1_10730,Logged In Successfully,1
FCUserRun1_10716,Logged In Successfully,1
FCUserRun1_10708,Logged In Successfully,1
FCUserRun1_10710,Logged In Successfully,1
FCUserRun1_10707,Logged In Successfully,1
FCUserRun1_10724,Logged In Successfully,1
FCUserRun1_10743,Logged In Successfully,1
FCUserRun1_10749,Logged In Successfully,1
FCUserRun1_10729,Logged In Successfully,1
FCUserRun1_10732,Logged In Successfully,1
FCUserRun1_10761,Logged In Successfully,1
FCUserRun1_10770,Logged In Successfully,1
FCUserRun1_10745,Logged In Successfully,1
FCUserRun1_10747,Logged In Successfully,1
FCUserRun1_10746,Logged In Successfully,1
FCUserRun1_10765,Logged In Successfully,1
FCUserRun1_10733,Logged In Successfully,1
FCUserRun1_10772,Logged In Successfully,1
FCUserRun1_10762,Logged In Successfully,2
FCUserRun1_10800,Logged In Successfully,1
FCUserRun1_10750,Logged In Successfully,1
FCUserRun1_10798,Logged In Successfully,1
FCUserRun1_10782,Logged In Successfully,1
FCUserRun1_10758,Logged In Successfully,1
FCUserRun1_10784,Logged In Successfully,1
FCUserRun1_10814,Logged In Successfully,1
FCUserRun1_10789,Logged In Successfully,1
FCUserRun1_10791,Logged In Successfully,1
FCUserRun1_10812,Logged In Successfully,1
FCUserRun1_10805,Logged In Successfully,1
FCUserRun1_10806,Logged In Successfully,1
FCUserRun1_10807,Logged In Successfully,2
FCUserRun1_10829,Logged In Successfully,1
FCUserRun1_10817,Logged In Successfully,1
FCUserRun1_10838,Logged In Successfully,1
FCUserRun1_10855,Logged In Successfully,1
FCUserRun1_10818,Logged In Successfully,1
FCUserRun1_10835,Logged In Successfully,1
FCUserRun1_10849,Logged In Successfully,1
FCUserRun1_10843,Logged In Successfully,1
FCUserRun1_10846,Logged In Successfully,1
FCUserRun1_10877,Logged In Successfully,1
FCUserRun1_10864,Logged In Successfully,1
FCUserRun1_10839,Logged In Successfully,1
FCUserRun1_10876,Logged In Successfully,1
FCUserRun1_10880,Logged In Successfully,1
FCUserRun1_10883,Logged In Successfully,1
FCUserRun1_10892,Logged In Successfully,1
FCUserRun1_10873,Logged In Successfully,1
FCUserRun1_10861,Logged In Successfully,1
FCUserRun1_10862,Logged In Successfully,1
FCUserRun1_10872,Logged In Successfully,1
FCUserRun1_10893,Logged In Successfully,1
FCUserRun1_10857,Logged In Successfully,1
FCUserRun1_10894,Logged In Successfully,1
FCUserRun1_10916,Logged In Successfully,1
FCUserRun1_10881,Logged In Successfully,1
FCUserRun1_10925,Logged In Successfully,1
FCUserRun1_10923,Logged In Successfully,1
FCUserRun1_10936,Logged In Successfully,2
FCUserRun1_10914,Logged In Successfully,1
FCUserRun1_10938,Logged In Successfully,1
FCUserRun1_10906,Logged In Successfully,1
FCUserRun1_10917,Logged In Successfully,1
FCUserRun1_10927,Logged In Successfully,1
FCUserRun1_10913,Logged In Successfully,1
FCUserRun1_10932,Logged In Successfully,1
FCUserRun1_10920,Logged In Successfully,1
FCUserRun1_10911,Logged In Successfully,1
FCUserRun1_10937,Logged In Successfully,1
FCUserRun1_10962,Logged In Successfully,1
FCUserRun1_10946,Logged In Successfully,1
FCUserRun1_10959,Logged In Successfully,1
FCUserRun1_10961,Logged In Successfully,1
FCUserRun1_10973,Logged In Successfully,1
FCUserRun1_10945,Logged In Successfully,1
FCUserRun1_10986,Logged In Successfully,1
FCUserRun1_10985,Logged In Successfully,1
FCUserRun1_10957,Logged In Successfully,1
FCUserRun1_11003,Logged In Successfully,1
FCUserRun1_10970,Logged In Successfully,1
FCUserRun1_11008,Logged In Successfully,1
FCUserRun1_11004,Logged In Successfully,1
FCUserRun1_11024,Logged In Successfully,1
FCUserRun1_10979,Logged In Successfully,1
FCUserRun1_10967,Logged In Successfully,1
FCUserRun1_10965,Logged In Successfully,1
FCUserRun1_10990,Logged In Successfully,1
FCUserRun1_10974,Logged In Successfully,1
FCUserRun1_11014,Logged In Successfully,1
FCUserRun1_11033,Logged In Successfully,1
FCUserRun1_10993,Logged In Successfully,1
FCUserRun1_11045,Logged In Successfully,1
FCUserRun1_11035,Logged In Successfully,1
FCUserRun1_10996,Logged In Successfully,1
FCUserRun1_10999,Logged In Successfully,1
FCUserRun1_11057,Logged In Successfully,1
FCUserRun1_11058,Logged In Successfully,1
FCUserRun1_11060,Logged In Successfully,1
FCUserRun1_11063,Logged In Successfully,1
FCUserRun1_11026,Logged In Successfully,1
FCUserRun1_11076,Logged In Successfully,1
FCUserRun1_11056,Logged In Successfully,1
FCUserRun1_11067,Logged In Successfully,1
FCUserRun1_11055,Logged In Successfully,1
FCUserRun1_11066,Logged In Successfully,1
FCUserRun1_11078,Logged In Successfully,2
FCUserRun1_11080,Logged In Successfully,1
FCUserRun1_11106,Logged In Successfully,1
FCUserRun1_11071,Logged In Successfully,1
FCUserRun1_11051,Logged In Successfully,1
FCUserRun1_11075,Logged In Successfully,2
FCUserRun1_11116,Logged In Successfully,1
FCUserRun1_11121,Logged In Successfully,1
FCUserRun1_11100,Logged In Successfully,1
FCUserRun1_11093,Logged In Successfully,1
FCUserRun1_11098,Logged In Successfully,1
FCUserRun1_11092,Logged In Successfully,1
FCUserRun1_11097,Logged In Successfully,1
FCUserRun1_11110,Logged In Successfully,1
FCUserRun1_11118,Logged In Successfully,2
FCUserRun1_11131,Logged In Successfully,1
FCUserRun1_11124,Logged In Successfully,2
FCUserRun1_11152,Logged In Successfully,1
FCUserRun1_11159,Logged In Successfully,1
FCUserRun1_11154,Logged In Successfully,1
FCUserRun1_11157,Logged In Successfully,1
FCUserRun1_11134,Logged In Successfully,1
FCUserRun1_11125,Logged In Successfully,1
FCUserRun1_11158,Logged In Successfully,1
FCUserRun1_11180,Logged In Successfully,1
FCUserRun1_11167,Logged In Successfully,1
FCUserRun1_11181,Logged In Successfully,1
FCUserRun1_11148,Logged In Successfully,2
FCUserRun1_11144,Logged In Successfully,1
FCUserRun1_11179,Logged In Successfully,1
FCUserRun1_11198,Logged In Successfully,1
FCUserRun1_11188,Logged In Successfully,1
FCUserRun1_11161,Logged In Successfully,1
FCUserRun1_11182,Logged In Successfully,1
FCUserRun1_11218,Logged In Successfully,1
FCUserRun1_11207,Logged In Successfully,1
FCUserRun1_11178,Logged In Successfully,1
FCUserRun1_11203,Logged In Successfully,1
FCUserRun1_11216,Logged In Successfully,1
FCUserRun1_11205,Logged In Successfully,1
FCUserRun1_11225,Logged In Successfully,1
FCUserRun1_11235,Logged In Successfully,1
FCUserRun1_11206,Logged In Successfully,1
FCUserRun1_11244,Logged In Successfully,1
FCUserRun1_11217,Logged In Successfully,1
FCUserRun1_11248,Logged In Successfully,1
FCUserRun1_11227,Logged In Successfully,1
FCUserRun1_11238,Logged In Successfully,1
FCUserRun1_11256,Logged In Successfully,1
FCUserRun1_11259,Logged In Successfully,1
FCUserRun1_11255,Logged In Successfully,1
FCUserRun1_11251,Logged In Successfully,1
FCUserRun1_11234,Logged In Successfully,1
FCUserRun1_11260,Logged In Successfully,1
FCUserRun1_11278,Logged In Successfully,1
FCUserRun1_11264,Logged In Successfully,1
FCUserRun1_11265,Logged In Successfully,1
FCUserRun1_11269,Logged In Successfully,1
FCUserRun1_11277,Logged In Successfully,1
FCUserRun1_11284,Logged In Successfully,1
FCUserRun1_11279,Logged In Successfully,1
FCUserRun1_11288,Logged In Successfully,2
FCUserRun1_11289,Logged In Successfully,1
FCUserRun1_11291,Logged In Successfully,1
FCUserRun1_11299,Logged In Successfully,1
FCUserRun1_11294,Logged In Successfully,1
FCUserRun1_11317,Logged In Successfully,2
FCUserRun1_11332,Logged In Successfully,1
FCUserRun1_11313,Logged In Successfully,2
FCUserRun1_11324,Logged In Successfully,1
FCUserRun1_11304,Logged In Successfully,1
FCUserRun1_11338,Logged In Successfully,1
FCUserRun1_11327,Logged In Successfully,1
FCUserRun1_11341,Logged In Successfully,1
FCUserRun1_11312,Logged In Successfully,2
FCUserRun1_11321,Logged In Successfully,1
FCUserRun1_11337,Logged In Successfully,1
FCUserRun1_11318,Logged In Successfully,1
FCUserRun1_11355,Logged In Successfully,1
FCUserRun1_11358,Logged In Successfully,1
FCUserRun1_11336,Logged In Successfully,1
FCUserRun1_11362,Logged In Successfully,1
FCUserRun1_11343,Logged In Successfully,1
FCUserRun1_11366,Logged In Successfully,1
FCUserRun1_11344,Logged In Successfully,1
FCUserRun1_11365,Logged In Successfully,1
FCUserRun1_11372,Logged In Successfully,1
FCUserRun1_11356,Logged In Successfully,1
FCUserRun1_11377,Logged In Successfully,1
FCUserRun1_11395,Logged In Successfully,2
FCUserRun1_11396,Logged In Successfully,2
FCUserRun1_11394,Logged In Successfully,1
FCUserRun1_11391,Logged In Successfully,1
FCUserRun1_11384,Logged In Successfully,1
FCUserRun1_11424,Logged In Successfully,1
FCUserRun1_11411,Logged In Successfully,1
FCUserRun1_11402,Logged In Successfully,1
FCUserRun1_11387,Logged In Successfully,1
FCUserRun1_11401,Logged In Successfully,1
FCUserRun1_11422,Logged In Successfully,1
FCUserRun1_11386,Logged In Successfully,1
FCUserRun1_11442,Logged In Successfully,1
FCUserRun1_11444,Logged In Successfully,1
FCUserRun1_11421,Logged In Successfully,1
FCUserRun1_11437,Logged In Successfully,1
FCUserRun1_11408,Logged In Successfully,1
FCUserRun1_11428,Logged In Successfully,1
FCUserRun1_11448,Logged In Successfully,1
FCUserRun1_11456,Logged In Successfully,1
FCUserRun1_11453,Logged In Successfully,1
FCUserRun1_11457,Logged In Successfully,1
FCUserRun1_11461,Logged In Successfully,1
FCUserRun1_11481,Logged In Successfully,2
FCUserRun1_11475,Logged In Successfully,2
FCUserRun1_11490,Logged In Successfully,2
FCUserRun1_11468,Logged In Successfully,2
FCUserRun1_11466,Logged In Successfully,1
FCUserRun1_11478,Logged In Successfully,2
FCUserRun1_11472,Logged In Successfully,2
FCUserRun1_11500,Logged In Successfully,3
FCUserRun1_11507,Logged In Successfully,2
FCUserRun1_11464,Logged In Successfully,2
FCUserRun1_11506,Logged In Successfully,2
FCUserRun1_11486,Logged In Successfully,2
FCUserRun1_11514,Logged In Successfully,2
FCUserRun1_11517,Logged In Successfully,2
FCUserRun1_11485,Logged In Successfully,2
FCUserRun1_11496,Logged In Successfully,2
FCUserRun1_11525,Logged In Successfully,2
FCUserRun1_11522,Logged In Successfully,2
FCUserRun1_11539,Logged In Successfully,2
FCUserRun1_11529,Logged In Successfully,2
FCUserRun1_11537,Logged In Successfully,2
FCUserRun1_11560,Logged In Successfully,2
FCUserRun1_11542,Logged In Successfully,2
FCUserRun1_11544,Logged In Successfully,3
FCUserRun1_11557,Logged In Successfully,2
FCUserRun1_11566,Logged In Successfully,2
FCUserRun1_11558,Logged In Successfully,2
FCUserRun1_11559,Logged In Successfully,2
FCUserRun1_11555,Logged In Successfully,2
FCUserRun1_11585,Logged In Successfully,2
FCUserRun1_11570,Logged In Successfully,2
FCUserRun1_11564,Logged In Successfully,2
FCUserRun1_11591,Logged In Successfully,2
FCUserRun1_11576,Logged In Successfully,2
FCUserRun1_11575,Logged In Successfully,2
FCUserRun1_11606,Logged In Successfully,2
FCUserRun1_11598,Logged In Successfully,2
FCUserRun1_11611,Logged In Successfully,2
FCUserRun1_11603,Logged In Successfully,2
FCUserRun1_11639,Logged In Successfully,2
FCUserRun1_11648,Logged In Successfully,2
FCUserRun1_11626,Logged In Successfully,2
FCUserRun1_11633,Logged In Successfully,2
FCUserRun1_11622,Logged In Successfully,2
FCUserRun1_11635,Logged In Successfully,2
FCUserRun1_11623,Logged In Successfully,2
FCUserRun1_11638,Logged In Successfully,2
FCUserRun1_11617,Logged In Successfully,2
FCUserRun1_11613,Logged In Successfully,3
FCUserRun1_11627,Logged In Successfully,2
FCUserRun1_11647,Logged In Successfully,2
FCUserRun1_11657,Logged In Successfully,2
FCUserRun1_11674,Logged In Successfully,3
FCUserRun1_11661,Logged In Successfully,2
FCUserRun1_11680,Logged In Successfully,3
FCUserRun1_11666,Logged In Successfully,3
FCUserRun1_11684,Logged In Successfully,3
FCUserRun1_11669,Logged In Successfully,3
FCUserRun1_11676,Logged In Successfully,3
FCUserRun1_11621,Logged In Successfully,2
FCUserRun1_11677,Logged In Successfully,3
FCUserRun1_11670,Logged In Successfully,3
FCUserRun1_11679,Logged In Successfully,3
FCUserRun1_11671,Logged In Successfully,3
FCUserRun1_11685,Logged In Successfully,3
FCUserRun1_11700,Logged In Successfully,3
FCUserRun1_11708,Logged In Successfully,3
FCUserRun1_11712,Logged In Successfully,3
FCUserRun1_11706,Logged In Successfully,3
FCUserRun1_11722,Logged In Successfully,3
FCUserRun1_11710,Logged In Successfully,3
FCUserRun1_11714,Logged In Successfully,3
FCUserRun1_11728,Logged In Successfully,3
FCUserRun1_11725,Logged In Successfully,3
FCUserRun1_11734,Logged In Successfully,3
FCUserRun1_11738,Logged In Successfully,3
FCUserRun1_11731,Logged In Successfully,3
FCUserRun1_11739,Logged In Successfully,3
FCUserRun1_11759,Logged In Successfully,3
FCUserRun1_11721,Logged In Successfully,3
FCUserRun1_11719,Logged In Successfully,3
FCUserRun1_11771,Logged In Successfully,3
FCUserRun1_11764,Logged In Successfully,3
FCUserRun1_11765,Logged In Successfully,3
FCUserRun1_11768,Logged In Successfully,3
FCUserRun1_11773,Logged In Successfully,3
FCUserRun1_11798,Logged In Successfully,3
FCUserRun1_11785,Logged In Successfully,3
FCUserRun1_11749,Logged In Successfully,3
FCUserRun1_11776,Logged In Successfully,3
FCUserRun1_11784,Logged In Successfully,3
FCUserRun1_11800,Logged In Successfully,3
FCUserRun1_11781,Logged In Successfully,3
FCUserRun1_11755,Logged In Successfully,3
FCUserRun1_11782,Logged In Successfully,3
FCUserRun1_11810,Logged In Successfully,3
FCUserRun1_11792,Logged In Successfully,4
FCUserRun1_11824,Logged In Successfully,3
FCUserRun1_11796,Logged In Successfully,3
FCUserRun1_11817,Logged In Successfully,3
FCUserRun1_11830,Logged In Successfully,3
FCUserRun1_11838,Logged In Successfully,3
FCUserRun1_11819,Logged In Successfully,3
FCUserRun1_11831,Logged In Successfully,3
FCUserRun1_11849,Logged In Successfully,3
FCUserRun1_11803,Logged In Successfully,3
FCUserRun1_11858,Logged In Successfully,4
FCUserRun1_11857,Logged In Successfully,4
FCUserRun1_11814,Logged In Successfully,3
FCUserRun1_11869,Logged In Successfully,4
FCUserRun1_11870,Logged In Successfully,4
FCUserRun1_11848,Logged In Successfully,3
FCUserRun1_11827,Logged In Successfully,3
FCUserRun1_11866,Logged In Successfully,4
FCUserRun1_11872,Logged In Successfully,4
FCUserRun1_11842,Logged In Successfully,3
FCUserRun1_11855,Logged In Successfully,3
FCUserRun1_11864,Logged In Successfully,4
FCUserRun1_11801,Logged In Successfully,3
FCUserRun1_11851,Logged In Successfully,3
FCUserRun1_11859,Logged In Successfully,4
FCUserRun1_11883,Logged In Successfully,4
FCUserRun1_11894,Logged In Successfully,4
FCUserRun1_11896,Logged In Successfully,4
FCUserRun1_11905,Logged In Successfully,4
FCUserRun1_11887,Logged In Successfully,4
FCUserRun1_11898,Logged In Successfully,4
FCUserRun1_11910,Logged In Successfully,4
FCUserRun1_11892,Logged In Successfully,4
FCUserRun1_11921,Logged In Successfully,4
FCUserRun1_11914,Logged In Successfully,4
FCUserRun1_11912,Logged In Successfully,4
FCUserRun1_11920,Logged In Successfully,4
FCUserRun1_11926,Logged In Successfully,4
FCUserRun1_11931,Logged In Successfully,4
FCUserRun1_11946,Logged In Successfully,4
FCUserRun1_11940,Logged In Successfully,4
FCUserRun1_11955,Logged In Successfully,4
FCUserRun1_11922,Logged In Successfully,4
FCUserRun1_11925,Logged In Successfully,4
FCUserRun1_11924,Logged In Successfully,4
FCUserRun1_11947,Logged In Successfully,4
FCUserRun1_11951,Logged In Successfully,4
FCUserRun1_11935,Logged In Successfully,4
FCUserRun1_11968,Logged In Successfully,4
FCUserRun1_11956,Logged In Successfully,4
FCUserRun1_11950,Logged In Successfully,5
FCUserRun1_11981,Logged In Successfully,4
FCUserRun1_11957,Logged In Successfully,4
FCUserRun1_11993,Logged In Successfully,5
FCUserRun1_11992,Logged In Successfully,4
FCUserRun1_11990,Logged In Successfully,4
FCUserRun1_11967,Logged In Successfully,4
FCUserRun1_11996,Logged In Successfully,4
FCUserRun1_11991,Logged In Successfully,4
FCUserRun1_12003,Logged In Successfully,5
FCUserRun1_11980,Logged In Successfully,4
FCUserRun1_12009,Logged In Successfully,5
FCUserRun1_11997,Logged In Successfully,4
FCUserRun1_11999,Logged In Successfully,4
FCUserRun1_12032,Logged In Successfully,5
FCUserRun1_11989,Logged In Successfully,4
FCUserRun1_12034,Logged In Successfully,5
FCUserRun1_12017,Logged In Successfully,5
FCUserRun1_12042,Logged In Successfully,5
FCUserRun1_12028,Logged In Successfully,5
FCUserRun1_12020,Logged In Successfully,5
FCUserRun1_12014,Logged In Successfully,5
FCUserRun1_12030,Logged In Successfully,5
FCUserRun1_12046,Logged In Successfully,5
FCUserRun1_12035,Logged In Successfully,5
FCUserRun1_12036,Logged In Successfully,5
FCUserRun1_12051,Logged In Successfully,5
FCUserRun1_12052,Logged In Successfully,5
FCUserRun1_12062,Logged In Successfully,5
FCUserRun1_12066,Logged In Successfully,5
FCUserRun1_12077,Logged In Successfully,5
FCUserRun1_12073,Logged In Successfully,5
FCUserRun1_12089,Logged In Successfully,5
FCUserRun1_12086,Logged In Successfully,5
FCUserRun1_12072,Logged In Successfully,5
FCUserRun1_12059,Logged In Successfully,5
FCUserRun1_12110,Logged In Successfully,1
FCUserRun1_12085,Logged In Successfully,5
FCUserRun1_12076,Logged In Successfully,5
FCUserRun1_12082,Logged In Successfully,5
FCUserRun1_12095,Logged In Successfully,5
FCUserRun1_12117,Logged In Successfully,2
FCUserRun1_12093,Logged In Successfully,5
FCUserRun1_12103,Logged In Successfully,2
FCUserRun1_12114,Logged In Successfully,1
FCUserRun1_12127,Logged In Successfully,2
FCUserRun1_12129,Logged In Successfully,2
FCUserRun1_12126,Logged In Successfully,1
FCUserRun1_12096,Logged In Successfully,5
FCUserRun1_12134,Logged In Successfully,2
FCUserRun1_12144,Logged In Successfully,2
FCUserRun1_12139,Logged In Successfully,1
FCUserRun1_12123,Logged In Successfully,1
FCUserRun1_12153,Logged In Successfully,2
FCUserRun1_12174,Logged In Successfully,2
FCUserRun1_12138,Logged In Successfully,1
FCUserRun1_12155,Logged In Successfully,2
FCUserRun1_12183,Logged In Successfully,2
FCUserRun1_12191,Logged In Successfully,1
FCUserRun1_12187,Logged In Successfully,2
FCUserRun1_12195,Logged In Successfully,1
FCUserRun1_12177,Logged In Successfully,2
FCUserRun1_12156,Logged In Successfully,2
FCUserRun1_12164,Logged In Successfully,2
FCUserRun1_12161,Logged In Successfully,2
FCUserRun1_12152,Logged In Successfully,2
FCUserRun1_12178,Logged In Successfully,2
FCUserRun1_12209,Logged In Successfully,1
FCUserRun1_12212,Logged In Successfully,1
FCUserRun1_12188,Logged In Successfully,1
FCUserRun1_12211,Logged In Successfully,1
FCUserRun1_12205,Logged In Successfully,1
FCUserRun1_12207,Logged In Successfully,1
FCUserRun1_12220,Logged In Successfully,1
FCUserRun1_12233,Logged In Successfully,1
FCUserRun1_12227,Logged In Successfully,1
FCUserRun1_12175,Logged In Successfully,2
FCUserRun1_12217,Logged In Successfully,1
FCUserRun1_12229,Logged In Successfully,1
FCUserRun1_12244,Logged In Successfully,1
FCUserRun1_12228,Logged In Successfully,1
FCUserRun1_12252,Logged In Successfully,1
FCUserRun1_12238,Logged In Successfully,1
FCUserRun1_12223,Logged In Successfully,1
FCUserRun1_12254,Logged In Successfully,1
FCUserRun1_12269,Logged In Successfully,1
FCUserRun1_12264,Logged In Successfully,1
FCUserRun1_12268,Logged In Successfully,1
FCUserRun1_12253,Logged In Successfully,1
FCUserRun1_12271,Logged In Successfully,1
FCUserRun1_12267,Logged In Successfully,1
FCUserRun1_12276,Logged In Successfully,1
FCUserRun1_12270,Logged In Successfully,1
FCUserRun1_12292,Logged In Successfully,1
FCUserRun1_12263,Logged In Successfully,1
FCUserRun1_12290,Logged In Successfully,1
FCUserRun1_12297,Logged In Successfully,2
FCUserRun1_12300,Logged In Successfully,1
FCUserRun1_12299,Logged In Successfully,1
FCUserRun1_12307,Logged In Successfully,1
FCUserRun1_12298,Logged In Successfully,1
FCUserRun1_12311,Logged In Successfully,1
FCUserRun1_12316,Logged In Successfully,1
FCUserRun1_12310,Logged In Successfully,1
FCUserRun1_12321,Logged In Successfully,1
FCUserRun1_12325,Logged In Successfully,1
FCUserRun1_12317,Logged In Successfully,1
FCUserRun1_12318,Logged In Successfully,1
FCUserRun1_12331,Logged In Successfully,1
FCUserRun1_12351,Logged In Successfully,1
FCUserRun1_12352,Logged In Successfully,1
FCUserRun1_12363,Logged In Successfully,1
FCUserRun1_12343,Logged In Successfully,1
FCUserRun1_12361,Logged In Successfully,1
FCUserRun1_12342,Logged In Successfully,1
FCUserRun1_12362,Logged In Successfully,1
FCUserRun1_12364,Logged In Successfully,1
FCUserRun1_12370,Logged In Successfully,1
FCUserRun1_12392,Logged In Successfully,1
FCUserRun1_12368,Logged In Successfully,1
FCUserRun1_12355,Logged In Successfully,1
FCUserRun1_12348,Logged In Successfully,1
FCUserRun1_12399,Logged In Successfully,1
FCUserRun1_12395,Logged In Successfully,1
FCUserRun1_12407,Logged In Successfully,1
FCUserRun1_12409,Logged In Successfully,1
FCUserRun1_12413,Logged In Successfully,1
FCUserRun1_12415,Logged In Successfully,1
FCUserRun1_12420,Logged In Successfully,1
FCUserRun1_12371,Logged In Successfully,1
FCUserRun1_12410,Logged In Successfully,1
FCUserRun1_12369,Logged In Successfully,1
FCUserRun1_12389,Logged In Successfully,1
FCUserRun1_12402,Logged In Successfully,1
FCUserRun1_12397,Logged In Successfully,1
FCUserRun1_12440,Logged In Successfully,1
FCUserRun1_12425,Logged In Successfully,1
FCUserRun1_12448,Logged In Successfully,1
FCUserRun1_12396,Logged In Successfully,1
FCUserRun1_12419,Logged In Successfully,1
FCUserRun1_12442,Logged In Successfully,1
FCUserRun1_12452,Logged In Successfully,1
FCUserRun1_12454,Logged In Successfully,1
FCUserRun1_12435,Logged In Successfully,1
FCUserRun1_12427,Logged In Successfully,1
FCUserRun1_12441,Logged In Successfully,1
FCUserRun1_12460,Logged In Successfully,1
FCUserRun1_12455,Logged In Successfully,1
FCUserRun1_12484,Logged In Successfully,1
FCUserRun1_12465,Logged In Successfully,1
FCUserRun1_12478,Logged In Successfully,1
FCUserRun1_12488,Logged In Successfully,1
FCUserRun1_12463,Logged In Successfully,1
FCUserRun1_12492,Logged In Successfully,1
FCUserRun1_12475,Logged In Successfully,1
FCUserRun1_12469,Logged In Successfully,1
FCUserRun1_12476,Logged In Successfully,1
FCUserRun1_12486,Logged In Successfully,1
FCUserRun1_12496,Logged In Successfully,1
FCUserRun1_12493,Logged In Successfully,1
FCUserRun1_12498,Logged In Successfully,1
FCUserRun1_12495,Logged In Successfully,1
FCUserRun1_12505,Logged In Successfully,1
FCUserRun1_12517,Logged In Successfully,1
FCUserRun1_12520,Logged In Successfully,1
FCUserRun1_12518,Logged In Successfully,1
FCUserRun1_12528,Logged In Successfully,1
FCUserRun1_12521,Logged In Successfully,1
FCUserRun1_12530,Logged In Successfully,1
FCUserRun1_12526,Logged In Successfully,1
FCUserRun1_12539,Logged In Successfully,1
FCUserRun1_12534,Logged In Successfully,1
FCUserRun1_12541,Logged In Successfully,1
FCUserRun1_12543,Logged In Successfully,1
FCUserRun1_12544,Logged In Successfully,1
FCUserRun1_12535,Logged In Successfully,1
FCUserRun1_12558,Logged In Successfully,1
FCUserRun1_12570,Logged In Successfully,1
FCUserRun1_12573,Logged In Successfully,2
FCUserRun1_12572,Logged In Successfully,1
FCUserRun1_12578,Logged In Successfully,1
FCUserRun1_12562,Logged In Successfully,1
FCUserRun1_12594,Logged In Successfully,1
FCUserRun1_12593,Logged In Successfully,1
FCUserRun1_12586,Logged In Successfully,1
FCUserRun1_12585,Logged In Successfully,1
FCUserRun1_12592,Logged In Successfully,1
FCUserRun1_12555,Logged In Successfully,1
FCUserRun1_12574,Logged In Successfully,1
FCUserRun1_12569,Logged In Successfully,1
FCUserRun1_12620,Logged In Successfully,1
FCUserRun1_12615,Logged In Successfully,1
FCUserRun1_12614,Logged In Successfully,1
FCUserRun1_12627,Logged In Successfully,1
FCUserRun1_12605,Logged In Successfully,1
FCUserRun1_12632,Logged In Successfully,1
FCUserRun1_12628,Logged In Successfully,1
FCUserRun1_12635,Logged In Successfully,1
FCUserRun1_12591,Logged In Successfully,2
FCUserRun1_12631,Logged In Successfully,2
FCUserRun1_12675,NOT_FOUND(message),NOT_FOUND(availablePts)
FCUserRun1_12651,Logged In Successfully,1
FCUserRun1_12618,Logged In Successfully,1
FCUserRun1_12660,Logged In Successfully,1
FCUserRun1_12650,Logged In Successfully,1
FCUserRun1_12652,Logged In Successfully,1
FCUserRun1_12645,Logged In Successfully,1
FCUserRun1_12622,Logged In Successfully,1
FCUserRun1_12659,Logged In Successfully,1
FCUserRun1_12634,Logged In Successfully,1
FCUserRun1_12671,Logged In Successfully,1
FCUserRun1_12655,Logged In Successfully,1
FCUserRun1_12662,Logged In Successfully,1
FCUserRun1_12681,Logged In Successfully,1
FCUserRun1_12688,Logged In Successfully,1
FCUserRun1_12690,Logged In Successfully,1
FCUserRun1_12692,Logged In Successfully,1
FCUserRun1_12709,Logged In Successfully,1
FCUserRun1_12707,Logged In Successfully,1
FCUserRun1_12680,Logged In Successfully,1
FCUserRun1_12698,Logged In Successfully,1
FCUserRun1_12724,Logged In Successfully,1
FCUserRun1_12716,Logged In Successfully,1
FCUserRun1_12696,Logged In Successfully,1
FCUserRun1_12711,Logged In Successfully,1
FCUserRun1_12713,Logged In Successfully,1
FCUserRun1_12694,Logged In Successfully,1
FCUserRun1_12748,Logged In Successfully,1
FCUserRun1_12749,Logged In Successfully,1
FCUserRun1_12757,Logged In Successfully,1
FCUserRun1_12731,Logged In Successfully,1
FCUserRun1_12687,Logged In Successfully,1
FCUserRun1_12763,Logged In Successfully,1
FCUserRun1_12727,Logged In Successfully,1
FCUserRun1_12723,Logged In Successfully,1
FCUserRun1_12718,Logged In Successfully,1
FCUserRun1_12740,Logged In Successfully,1
FCUserRun1_12743,Logged In Successfully,1
FCUserRun1_12738,Logged In Successfully,1
FCUserRun1_12777,Logged In Successfully,1
FCUserRun1_12767,Logged In Successfully,1
FCUserRun1_12754,Logged In Successfully,1
FCUserRun1_12800,Logged In Successfully,1
FCUserRun1_12772,Logged In Successfully,1
FCUserRun1_12770,Logged In Successfully,1
FCUserRun1_12782,Logged In Successfully,1
FCUserRun1_12814,Logged In Successfully,1
FCUserRun1_12812,Logged In Successfully,1
FCUserRun1_12797,Logged In Successfully,1
FCUserRun1_12787,Logged In Successfully,1
FCUserRun1_12774,Logged In Successfully,1
FCUserRun1_12796,Logged In Successfully,1
FCUserRun1_12804,Logged In Successfully,1
FCUserRun1_12793,Logged In Successfully,1
FCUserRun1_12836,Logged In Successfully,1
FCUserRun1_12802,Logged In Successfully,1
FCUserRun1_12837,Logged In Successfully,1
FCUserRun1_12851,Logged In Successfully,1
FCUserRun1_12860,Logged In Successfully,1
FCUserRun1_12854,Logged In Successfully,1
FCUserRun1_12827,Logged In Successfully,1
FCUserRun1_12820,Logged In Successfully,1
FCUserRun1_12856,Logged In Successfully,1
FCUserRun1_12810,Logged In Successfully,1
FCUserRun1_12870,Logged In Successfully,2
FCUserRun1_12862,Logged In Successfully,1
FCUserRun1_12883,Logged In Successfully,1
FCUserRun1_12880,Logged In Successfully,1
FCUserRun1_12850,Logged In Successfully,1
FCUserRun1_12890,Logged In Successfully,1
FCUserRun1_12848,Logged In Successfully,2
FCUserRun1_12895,Logged In Successfully,1
FCUserRun1_12833,Logged In Successfully,1
FCUserRun1_12863,Logged In Successfully,1
FCUserRun1_12900,Logged In Successfully,1
FCUserRun1_12896,Logged In Successfully,1
FCUserRun1_12911,Logged In Successfully,1
FCUserRun1_12916,Logged In Successfully,1
FCUserRun1_12871,Logged In Successfully,1
FCUserRun1_12915,Logged In Successfully,1
FCUserRun1_12913,Logged In Successfully,1
FCUserRun1_12923,Logged In Successfully,1
FCUserRun1_12918,Logged In Successfully,2
FCUserRun1_12924,Logged In Successfully,1
FCUserRun1_12914,Logged In Successfully,1
FCUserRun1_12893,Logged In Successfully,1
FCUserRun1_12891,Logged In Successfully,1
FCUserRun1_12901,Logged In Successfully,1
FCUserRun1_12886,Logged In Successfully,1
FCUserRun1_12932,Logged In Successfully,2
FCUserRun1_12943,Logged In Successfully,1
FCUserRun1_12945,Logged In Successfully,1
FCUserRun1_12959,Logged In Successfully,1
FCUserRun1_12956,Logged In Successfully,1
FCUserRun1_12965,Logged In Successfully,1
FCUserRun1_12967,Logged In Successfully,1
FCUserRun1_12954,Logged In Successfully,1
FCUserRun1_12968,Logged In Successfully,1
FCUserRun1_12947,Logged In Successfully,1
FCUserRun1_12937,Logged In Successfully,1
FCUserRun1_12953,Logged In Successfully,1
FCUserRun1_12976,Logged In Successfully,1
FCUserRun1_12960,Logged In Successfully,1
FCUserRun1_12981,Logged In Successfully,1
FCUserRun1_12998,Logged In Successfully,1
FCUserRun1_12970,Logged In Successfully,1
FCUserRun1_12982,Logged In Successfully,1
FCUserRun1_12996,Logged In Successfully,1
FCUserRun1_12995,Logged In Successfully,1
FCUserRun1_13026,Logged In Successfully,1
FCUserRun1_13021,Logged In Successfully,1
FCUserRun1_13003,Logged In Successfully,1
FCUserRun1_13013,Logged In Successfully,1
FCUserRun1_12963,Logged In Successfully,1
FCUserRun1_13000,Logged In Successfully,1
FCUserRun1_12977,Logged In Successfully,1
FCUserRun1_13010,Logged In Successfully,1
FCUserRun1_13015,Logged In Successfully,1
FCUserRun1_13030,Logged In Successfully,1
FCUserRun1_12997,Logged In Successfully,1
FCUserRun1_13006,Logged In Successfully,1
FCUserRun1_13041,Logged In Successfully,1
FCUserRun1_13031,Logged In Successfully,1
FCUserRun1_13063,Logged In Successfully,1
FCUserRun1_13069,Logged In Successfully,1
FCUserRun1_13047,Logged In Successfully,1
FCUserRun1_13054,Logged In Successfully,1
FCUserRun1_13053,Logged In Successfully,1
FCUserRun1_13081,Logged In Successfully,2
FCUserRun1_13066,Logged In Successfully,1
FCUserRun1_13073,Logged In Successfully,1
FCUserRun1_13064,Logged In Successfully,1
FCUserRun1_13092,Logged In Successfully,1
FCUserRun1_13076,Logged In Successfully,1
FCUserRun1_13097,Logged In Successfully,1
FCUserRun1_13096,Logged In Successfully,1
FCUserRun1_13057,Logged In Successfully,1
FCUserRun1_13095,Logged In Successfully,1
FCUserRun1_13089,Logged In Successfully,1
FCUserRun1_13082,Logged In Successfully,1
FCUserRun1_13112,Logged In Successfully,1
FCUserRun1_13059,Logged In Successfully,1
FCUserRun1_13121,Logged In Successfully,1
FCUserRun1_13133,Logged In Successfully,1
FCUserRun1_13134,Logged In Successfully,1
FCUserRun1_13124,Logged In Successfully,1
FCUserRun1_13126,Logged In Successfully,1
FCUserRun1_13117,Logged In Successfully,1
FCUserRun1_13139,Logged In Successfully,1
FCUserRun1_13135,Logged In Successfully,1
FCUserRun1_13125,Logged In Successfully,1
FCUserRun1_13138,Logged In Successfully,1
FCUserRun1_13091,Logged In Successfully,1
FCUserRun1_13164,Logged In Successfully,2
FCUserRun1_13140,Logged In Successfully,1
FCUserRun1_13177,Logged In Successfully,1
FCUserRun1_13178,Logged In Successfully,1
FCUserRun1_13179,Logged In Successfully,2
FCUserRun1_13127,Logged In Successfully,1
FCUserRun1_13167,Logged In Successfully,1
FCUserRun1_13145,Logged In Successfully,1
FCUserRun1_13150,Logged In Successfully,1
FCUserRun1_13169,Logged In Successfully,1
FCUserRun1_13201,Logged In Successfully,1
FCUserRun1_13176,Logged In Successfully,1
FCUserRun1_13202,Logged In Successfully,1
FCUserRun1_13175,Logged In Successfully,1
FCUserRun1_13166,Logged In Successfully,1
FCUserRun1_13157,Logged In Successfully,1
FCUserRun1_13205,Logged In Successfully,1
FCUserRun1_13191,Logged In Successfully,1
FCUserRun1_13206,Logged In Successfully,2
FCUserRun1_13226,Logged In Successfully,1
FCUserRun1_13223,Logged In Successfully,1
FCUserRun1_13208,Logged In Successfully,1
FCUserRun1_13234,Logged In Successfully,1
FCUserRun1_13224,Logged In Successfully,1
FCUserRun1_13233,Logged In Successfully,1
FCUserRun1_13264,Logged In Successfully,1
FCUserRun1_13214,Logged In Successfully,1
FCUserRun1_13215,Logged In Successfully,1
FCUserRun1_13255,Logged In Successfully,1
FCUserRun1_13243,Logged In Successfully,1
FCUserRun1_13219,Logged In Successfully,1
FCUserRun1_13200,Logged In Successfully,1
FCUserRun1_13259,Logged In Successfully,1
FCUserRun1_13240,Logged In Successfully,1
FCUserRun1_13253,Logged In Successfully,1
FCUserRun1_13241,Logged In Successfully,1
FCUserRun1_13282,Logged In Successfully,1
FCUserRun1_13283,Logged In Successfully,1
FCUserRun1_13263,Logged In Successfully,1
FCUserRun1_13289,Logged In Successfully,2
FCUserRun1_13274,Logged In Successfully,1
FCUserRun1_13303,Logged In Successfully,1
FCUserRun1_13295,Logged In Successfully,1
FCUserRun1_13301,Logged In Successfully,1
FCUserRun1_13296,Logged In Successfully,1
FCUserRun1_13315,Logged In Successfully,1
FCUserRun1_13251,Logged In Successfully,1
FCUserRun1_13294,Logged In Successfully,1
FCUserRun1_13313,Logged In Successfully,1
FCUserRun1_13305,Logged In Successfully,1
FCUserRun1_13320,Logged In Successfully,1
FCUserRun1_13322,Logged In Successfully,1
FCUserRun1_13288,Logged In Successfully,2
FCUserRun1_13326,Logged In Successfully,1
FCUserRun1_13333,Logged In Successfully,1
FCUserRun1_13349,Logged In Successfully,1
FCUserRun1_13287,Logged In Successfully,1
FCUserRun1_13350,Logged In Successfully,1
FCUserRun1_13335,Logged In Successfully,1
FCUserRun1_13342,Logged In Successfully,1
FCUserRun1_13351,Logged In Successfully,1
FCUserRun1_13360,Logged In Successfully,1
FCUserRun1_13286,Logged In Successfully,1
FCUserRun1_13339,Logged In Successfully,1
FCUserRun1_13337,Logged In Successfully,1
FCUserRun1_13353,Logged In Successfully,1
FCUserRun1_13386,Logged In Successfully,1
FCUserRun1_13382,Logged In Successfully,1
FCUserRun1_13375,Logged In Successfully,1
FCUserRun1_13328,Logged In Successfully,1
FCUserRun1_13387,Logged In Successfully,1
FCUserRun1_13389,Logged In Successfully,1
FCUserRun1_13405,Logged In Successfully,1
FCUserRun1_13407,Logged In Successfully,1
FCUserRun1_13379,Logged In Successfully,1
FCUserRun1_13367,Logged In Successfully,1
FCUserRun1_13384,Logged In Successfully,1
FCUserRun1_13372,Logged In Successfully,1
FCUserRun1_13355,Logged In Successfully,1
FCUserRun1_13416,Logged In Successfully,2
FCUserRun1_13410,Logged In Successfully,1
FCUserRun1_13396,Logged In Successfully,1
FCUserRun1_13393,Logged In Successfully,1
FCUserRun1_13435,Logged In Successfully,1
FCUserRun1_13408,Logged In Successfully,1
FCUserRun1_13430,Logged In Successfully,2
FCUserRun1_13442,Logged In Successfully,1
FCUserRun1_13433,Logged In Successfully,1
FCUserRun1_13397,Logged In Successfully,1
FCUserRun1_13437,Logged In Successfully,1
FCUserRun1_13434,Logged In Successfully,1
FCUserRun1_13452,Logged In Successfully,1
FCUserRun1_13443,Logged In Successfully,1
FCUserRun1_13446,Logged In Successfully,1
FCUserRun1_13469,Logged In Successfully,1
FCUserRun1_13444,Logged In Successfully,1
FCUserRun1_13480,Logged In Successfully,2
FCUserRun1_13470,Logged In Successfully,1
FCUserRun1_13478,Logged In Successfully,2
FCUserRun1_13472,Logged In Successfully,2
FCUserRun1_13456,Logged In Successfully,1
FCUserRun1_13479,Logged In Successfully,2
FCUserRun1_13483,Logged In Successfully,2
FCUserRun1_13476,Logged In Successfully,2
FCUserRun1_13477,Logged In Successfully,2
FCUserRun1_13506,Logged In Successfully,2
FCUserRun1_13494,Logged In Successfully,2
FCUserRun1_13511,Logged In Successfully,2
FCUserRun1_13487,Logged In Successfully,2
FCUserRun1_13500,Logged In Successfully,3
FCUserRun1_13510,Logged In Successfully,2
FCUserRun1_13502,Logged In Successfully,2
FCUserRun1_13526,Logged In Successfully,2
FCUserRun1_13535,Logged In Successfully,2
FCUserRun1_13508,Logged In Successfully,2
FCUserRun1_13505,Logged In Successfully,2
FCUserRun1_13543,Logged In Successfully,2
FCUserRun1_13548,Logged In Successfully,2
FCUserRun1_13549,Logged In Successfully,2
FCUserRun1_13519,Logged In Successfully,2
FCUserRun1_13513,Logged In Successfully,2
FCUserRun1_13570,Logged In Successfully,2
FCUserRun1_13569,Logged In Successfully,2
FCUserRun1_13544,Logged In Successfully,2
FCUserRun1_13527,Logged In Successfully,2
FCUserRun1_13580,Logged In Successfully,2
FCUserRun1_13553,Logged In Successfully,2
FCUserRun1_13550,Logged In Successfully,2
FCUserRun1_13577,Logged In Successfully,2
FCUserRun1_13558,Logged In Successfully,2
FCUserRun1_13528,Logged In Successfully,2
FCUserRun1_13582,Logged In Successfully,2
FCUserRun1_13589,Logged In Successfully,2
FCUserRun1_13571,Logged In Successfully,2
FCUserRun1_13604,Logged In Successfully,2
FCUserRun1_13567,Logged In Successfully,2
FCUserRun1_13584,Logged In Successfully,2
FCUserRun1_13600,Logged In Successfully,2
FCUserRun1_13601,Logged In Successfully,2
FCUserRun1_13630,Logged In Successfully,2
FCUserRun1_13611,Logged In Successfully,2
FCUserRun1_13606,Logged In Successfully,2
FCUserRun1_13617,Logged In Successfully,2
FCUserRun1_13608,Logged In Successfully,2
FCUserRun1_13613,Logged In Successfully,2
FCUserRun1_13623,Logged In Successfully,2
FCUserRun1_13644,Logged In Successfully,2
FCUserRun1_13614,Logged In Successfully,2
FCUserRun1_13625,Logged In Successfully,2
FCUserRun1_13635,Logged In Successfully,2
FCUserRun1_13643,Logged In Successfully,2
FCUserRun1_13654,Logged In Successfully,2
FCUserRun1_13641,Logged In Successfully,2
FCUserRun1_13647,Logged In Successfully,2
FCUserRun1_13645,Logged In Successfully,2
FCUserRun1_13657,Logged In Successfully,2
FCUserRun1_13686,Logged In Successfully,3
FCUserRun1_13679,Logged In Successfully,3
FCUserRun1_13680,Logged In Successfully,3
FCUserRun1_13658,Logged In Successfully,2
FCUserRun1_13689,Logged In Successfully,3
FCUserRun1_13688,Logged In Successfully,3
FCUserRun1_13700,Logged In Successfully,3
FCUserRun1_13706,Logged In Successfully,3
FCUserRun1_13711,Logged In Successfully,3
FCUserRun1_13716,Logged In Successfully,3
FCUserRun1_13692,Logged In Successfully,4
FCUserRun1_13712,Logged In Successfully,3
FCUserRun1_13708,Logged In Successfully,3
FCUserRun1_13685,Logged In Successfully,3
FCUserRun1_13719,Logged In Successfully,3
FCUserRun1_13669,Logged In Successfully,3
FCUserRun1_13724,Logged In Successfully,3
FCUserRun1_13746,Logged In Successfully,3
FCUserRun1_13710,Logged In Successfully,4
FCUserRun1_13734,Logged In Successfully,3
FCUserRun1_13749,Logged In Successfully,3
FCUserRun1_13752,Logged In Successfully,3
FCUserRun1_13751,Logged In Successfully,3
FCUserRun1_13756,Logged In Successfully,3
FCUserRun1_13748,Logged In Successfully,3
FCUserRun1_13744,Logged In Successfully,3
FCUserRun1_13725,Logged In Successfully,3
FCUserRun1_13770,Logged In Successfully,3
FCUserRun1_13772,Logged In Successfully,3
FCUserRun1_13726,Logged In Successfully,3
FCUserRun1_13777,Logged In Successfully,3
FCUserRun1_13771,Logged In Successfully,3
FCUserRun1_13750,Logged In Successfully,3
FCUserRun1_13722,Logged In Successfully,3
FCUserRun1_13785,Logged In Successfully,3
FCUserRun1_13736,Logged In Successfully,3
FCUserRun1_13747,Logged In Successfully,3
FCUserRun1_13800,Logged In Successfully,3
FCUserRun1_13788,Logged In Successfully,3
FCUserRun1_13784,Logged In Successfully,3
FCUserRun1_13807,Logged In Successfully,3
FCUserRun1_13781,Logged In Successfully,3
FCUserRun1_13805,Logged In Successfully,3
FCUserRun1_13821,Logged In Successfully,3
FCUserRun1_13787,Logged In Successfully,3
FCUserRun1_13813,Logged In Successfully,3
FCUserRun1_13839,Logged In Successfully,3
FCUserRun1_13801,Logged In Successfully,3
FCUserRun1_13799,Logged In Successfully,3
FCUserRun1_13851,Logged In Successfully,3
FCUserRun1_13824,Logged In Successfully,3
FCUserRun1_13836,Logged In Successfully,3
FCUserRun1_13850,Logged In Successfully,3
FCUserRun1_13841,Logged In Successfully,3
FCUserRun1_13814,Logged In Successfully,4
FCUserRun1_13856,Logged In Successfully,3
FCUserRun1_13822,Logged In Successfully,3
FCUserRun1_13878,Logged In Successfully,4
FCUserRun1_13853,Logged In Successfully,3
FCUserRun1_13846,Logged In Successfully,3
FCUserRun1_13880,Logged In Successfully,4
FCUserRun1_13875,Logged In Successfully,4
FCUserRun1_13890,Logged In Successfully,4
FCUserRun1_13887,Logged In Successfully,4
FCUserRun1_13894,Logged In Successfully,4
FCUserRun1_13870,Logged In Successfully,4
FCUserRun1_13883,Logged In Successfully,4
FCUserRun1_13881,Logged In Successfully,5
FCUserRun1_13895,Logged In Successfully,4
FCUserRun1_13832,Logged In Successfully,3
FCUserRun1_13899,Logged In Successfully,4
FCUserRun1_13918,Logged In Successfully,4
FCUserRun1_13911,Logged In Successfully,4
FCUserRun1_13858,Logged In Successfully,4
FCUserRun1_13912,Logged In Successfully,4
FCUserRun1_13929,Logged In Successfully,4
FCUserRun1_13914,Logged In Successfully,4
FCUserRun1_13906,Logged In Successfully,4
FCUserRun1_13931,Logged In Successfully,4
FCUserRun1_13938,Logged In Successfully,4
FCUserRun1_13927,Logged In Successfully,4
FCUserRun1_13892,Logged In Successfully,4
FCUserRun1_13950,Logged In Successfully,4
FCUserRun1_13941,Logged In Successfully,4
FCUserRun1_13967,Logged In Successfully,4
FCUserRun1_13920,Logged In Successfully,4
FCUserRun1_13970,Logged In Successfully,4
FCUserRun1_13933,Logged In Successfully,4
FCUserRun1_13945,Logged In Successfully,5
FCUserRun1_13983,Logged In Successfully,4
FCUserRun1_13975,Logged In Successfully,4
FCUserRun1_13958,Logged In Successfully,4
FCUserRun1_13986,Logged In Successfully,4
FCUserRun1_13949,Logged In Successfully,4
FCUserRun1_13965,Logged In Successfully,4
FCUserRun1_13989,Logged In Successfully,4
FCUserRun1_13954,Logged In Successfully,4
FCUserRun1_13960,Logged In Successfully,4
FCUserRun1_13959,Logged In Successfully,4
FCUserRun1_14005,Logged In Successfully,5
FCUserRun1_14000,Logged In Successfully,4
FCUserRun1_13999,Logged In Successfully,4
FCUserRun1_13973,Logged In Successfully,4
FCUserRun1_13993,Logged In Successfully,4
FCUserRun1_14003,Logged In Successfully,5
FCUserRun1_14010,Logged In Successfully,5
FCUserRun1_14031,Logged In Successfully,5
FCUserRun1_14028,Logged In Successfully,5
FCUserRun1_14018,Logged In Successfully,5
FCUserRun1_14042,Logged In Successfully,5
FCUserRun1_14029,Logged In Successfully,5
FCUserRun1_14014,Logged In Successfully,5
FCUserRun1_14049,Logged In Successfully,5
FCUserRun1_14015,Logged In Successfully,5
FCUserRun1_14026,Logged In Successfully,5
FCUserRun1_14046,Logged In Successfully,5
FCUserRun1_14048,Logged In Successfully,5
FCUserRun1_14051,Logged In Successfully,5
FCUserRun1_14034,Logged In Successfully,5
FCUserRun1_14068,Logged In Successfully,5
FCUserRun1_14024,Logged In Successfully,5
FCUserRun1_14077,Logged In Successfully,5
FCUserRun1_14081,Logged In Successfully,5
FCUserRun1_14065,Logged In Successfully,5
FCUserRun1_14071,Logged In Successfully,5
FCUserRun1_14078,Logged In Successfully,5
FCUserRun1_14074,Logged In Successfully,5
FCUserRun1_14097,Logged In Successfully,5
FCUserRun1_14090,Logged In Successfully,5
FCUserRun1_14114,Logged In Successfully,1
FCUserRun1_14062,Logged In Successfully,5
FCUserRun1_14080,Logged In Successfully,5
FCUserRun1_14096,Logged In Successfully,5
FCUserRun1_14100,Logged In Successfully,5
FCUserRun1_14102,Logged In Successfully,1
FCUserRun1_14119,Logged In Successfully,2
FCUserRun1_14113,Logged In Successfully,1
FCUserRun1_14123,Logged In Successfully,1
FCUserRun1_14134,Logged In Successfully,1
FCUserRun1_14110,Logged In Successfully,1
FCUserRun1_14149,Logged In Successfully,2
FCUserRun1_14143,Logged In Successfully,1
FCUserRun1_14112,Logged In Successfully,1
FCUserRun1_14126,Logged In Successfully,1
FCUserRun1_14111,Logged In Successfully,1
FCUserRun1_14145,Logged In Successfully,1
FCUserRun1_14147,Logged In Successfully,2
FCUserRun1_14136,Logged In Successfully,2
FCUserRun1_14150,Logged In Successfully,1
FCUserRun1_14161,Logged In Successfully,2
FCUserRun1_14138,Logged In Successfully,1
FCUserRun1_14177,Logged In Successfully,2
FCUserRun1_14188,Logged In Successfully,2
FCUserRun1_14173,Logged In Successfully,2
FCUserRun1_14191,Logged In Successfully,2
FCUserRun1_14174,Logged In Successfully,2
FCUserRun1_14185,Logged In Successfully,2
FCUserRun1_14201,Logged In Successfully,2
FCUserRun1_14202,Logged In Successfully,1
FCUserRun1_14155,Logged In Successfully,2
FCUserRun1_14203,Logged In Successfully,1
FCUserRun1_14164,Logged In Successfully,2
FCUserRun1_14184,Logged In Successfully,2
FCUserRun1_14166,Logged In Successfully,2
FCUserRun1_14204,Logged In Successfully,2
FCUserRun1_14218,Logged In Successfully,1
FCUserRun1_14226,Logged In Successfully,2
FCUserRun1_14183,Logged In Successfully,1
FCUserRun1_14215,Logged In Successfully,1
FCUserRun1_14220,Logged In Successfully,2
FCUserRun1_14241,Logged In Successfully,1
FCUserRun1_14247,Logged In Successfully,1
FCUserRun1_14233,Logged In Successfully,1
FCUserRun1_14250,Logged In Successfully,1
FCUserRun1_14193,Logged In Successfully,1
FCUserRun1_14239,Logged In Successfully,1
FCUserRun1_14254,Logged In Successfully,2
FCUserRun1_14238,Logged In Successfully,1
FCUserRun1_14245,Logged In Successfully,1
FCUserRun1_14237,Logged In Successfully,1
FCUserRun1_14272,Logged In Successfully,1
FCUserRun1_14278,Logged In Successfully,1
FCUserRun1_14276,Logged In Successfully,1
FCUserRun1_14225,Logged In Successfully,1
FCUserRun1_14280,Logged In Successfully,1
FCUserRun1_14256,Logged In Successfully,1
FCUserRun1_14262,Logged In Successfully,1
FCUserRun1_14281,Logged In Successfully,1
FCUserRun1_14279,Logged In Successfully,1
FCUserRun1_14301,Logged In Successfully,1
FCUserRun1_14274,Logged In Successfully,1
FCUserRun1_14292,Logged In Successfully,1
FCUserRun1_14312,Logged In Successfully,1
FCUserRun1_14302,Logged In Successfully,1
FCUserRun1_14297,Logged In Successfully,1
FCUserRun1_14315,Logged In Successfully,1
FCUserRun1_14321,Logged In Successfully,2
FCUserRun1_14326,Logged In Successfully,1
FCUserRun1_14319,Logged In Successfully,1
FCUserRun1_14289,Logged In Successfully,1
FCUserRun1_14298,Logged In Successfully,1
FCUserRun1_14329,Logged In Successfully,1
FCUserRun1_14339,Logged In Successfully,1
FCUserRun1_14346,Logged In Successfully,1
FCUserRun1_14349,Logged In Successfully,1
FCUserRun1_14342,Logged In Successfully,1
FCUserRun1_14314,Logged In Successfully,1
FCUserRun1_14360,Logged In Successfully,1
FCUserRun1_14355,Logged In Successfully,1
FCUserRun1_14377,Logged In Successfully,1
FCUserRun1_14375,Logged In Successfully,1
FCUserRun1_14354,Logged In Successfully,1
FCUserRun1_14369,Logged In Successfully,1
FCUserRun1_14371,Logged In Successfully,1
FCUserRun1_14381,Logged In Successfully,1
FCUserRun1_14340,Logged In Successfully,1
FCUserRun1_14398,Logged In Successfully,1
FCUserRun1_14331,Logged In Successfully,1
FCUserRun1_14383,Logged In Successfully,1
FCUserRun1_14411,Logged In Successfully,1
FCUserRun1_14347,Logged In Successfully,1
FCUserRun1_14410,Logged In Successfully,1
FCUserRun1_14399,Logged In Successfully,1
FCUserRun1_14420,Logged In Successfully,1
FCUserRun1_14416,Logged In Successfully,1
FCUserRun1_14365,Logged In Successfully,1
FCUserRun1_14430,Logged In Successfully,1
FCUserRun1_14418,Logged In Successfully,1
FCUserRun1_14367,Logged In Successfully,1
FCUserRun1_14387,Logged In Successfully,1
FCUserRun1_14447,Logged In Successfully,1
FCUserRun1_14449,Logged In Successfully,1
FCUserRun1_14431,Logged In Successfully,1
FCUserRun1_14425,Logged In Successfully,2
FCUserRun1_14442,Logged In Successfully,1
FCUserRun1_14436,Logged In Successfully,1
FCUserRun1_14460,Logged In Successfully,1
FCUserRun1_14444,Logged In Successfully,1
FCUserRun1_14481,Logged In Successfully,1
FCUserRun1_14463,Logged In Successfully,1
FCUserRun1_14474,Logged In Successfully,1
FCUserRun1_14409,Logged In Successfully,1
FCUserRun1_14484,Logged In Successfully,1
FCUserRun1_14485,Logged In Successfully,1
FCUserRun1_14445,Logged In Successfully,1
FCUserRun1_14501,Logged In Successfully,1
FCUserRun1_14446,Logged In Successfully,1
FCUserRun1_14510,Logged In Successfully,1
FCUserRun1_14468,Logged In Successfully,1
FCUserRun1_14520,Logged In Successfully,1
FCUserRun1_14479,Logged In Successfully,1
FCUserRun1_14498,Logged In Successfully,1
FCUserRun1_14528,Logged In Successfully,1
FCUserRun1_14532,Logged In Successfully,1
FCUserRun1_14492,Logged In Successfully,1
FCUserRun1_14546,Logged In Successfully,1
FCUserRun1_14515,Logged In Successfully,1
FCUserRun1_14554,Logged In Successfully,2
FCUserRun1_14526,Logged In Successfully,1
FCUserRun1_14547,Logged In Successfully,2
FCUserRun1_14524,Logged In Successfully,1
FCUserRun1_14556,Logged In Successfully,1
FCUserRun1_14565,Logged In Successfully,1
FCUserRun1_14535,Logged In Successfully,1
FCUserRun1_14576,Logged In Successfully,1
FCUserRun1_14570,Logged In Successfully,2
FCUserRun1_14551,Logged In Successfully,1
FCUserRun1_14587,Logged In Successfully,2
FCUserRun1_14586,Logged In Successfully,1
FCUserRun1_14544,Logged In Successfully,1
FCUserRun1_14602,Logged In Successfully,1
FCUserRun1_14601,Logged In Successfully,1
FCUserRun1_14612,Logged In Successfully,2
FCUserRun1_14605,Logged In Successfully,1
FCUserRun1_14572,Logged In Successfully,1
FCUserRun1_14582,Logged In Successfully,1
FCUserRun1_14597,Logged In Successfully,1
FCUserRun1_14599,Logged In Successfully,1
FCUserRun1_14615,Logged In Successfully,2
FCUserRun1_14593,Logged In Successfully,1
FCUserRun1_14640,Logged In Successfully,1
FCUserRun1_14619,Logged In Successfully,1
FCUserRun1_14620,Logged In Successfully,1
FCUserRun1_14609,Logged In Successfully,1
FCUserRun1_14584,Logged In Successfully,1
FCUserRun1_14647,Logged In Successfully,1
FCUserRun1_14656,Logged In Successfully,1
FCUserRun1_14637,Logged In Successfully,1
FCUserRun1_14662,Logged In Successfully,1
FCUserRun1_14625,Logged In Successfully,1
FCUserRun1_14646,Logged In Successfully,1
FCUserRun1_14678,Logged In Successfully,1
FCUserRun1_14677,Logged In Successfully,1
FCUserRun1_14670,Logged In Successfully,1
FCUserRun1_14652,Logged In Successfully,1
FCUserRun1_14682,Logged In Successfully,1
FCUserRun1_14653,Logged In Successfully,1
FCUserRun1_14674,Logged In Successfully,1
FCUserRun1_14679,Logged In Successfully,2
FCUserRun1_14676,Logged In Successfully,2
FCUserRun1_14709,Logged In Successfully,1
FCUserRun1_14689,Logged In Successfully,1
FCUserRun1_14715,Logged In Successfully,1
FCUserRun1_14701,Logged In Successfully,1
FCUserRun1_14719,Logged In Successfully,1
FCUserRun1_14716,Logged In Successfully,1
FCUserRun1_14722,Logged In Successfully,1
FCUserRun1_14690,Logged In Successfully,1
FCUserRun1_14661,Logged In Successfully,1
FCUserRun1_14707,Logged In Successfully,1
FCUserRun1_14727,Logged In Successfully,1
FCUserRun1_14742,Logged In Successfully,1
FCUserRun1_14713,Logged In Successfully,1
FCUserRun1_14717,Logged In Successfully,1
FCUserRun1_14744,Logged In Successfully,1
FCUserRun1_14751,Logged In Successfully,1
FCUserRun1_14746,Logged In Successfully,1
FCUserRun1_14720,Logged In Successfully,1
FCUserRun1_14747,Logged In Successfully,1
FCUserRun1_14760,Logged In Successfully,1
FCUserRun1_14753,Logged In Successfully,1
FCUserRun1_14769,Logged In Successfully,1
FCUserRun1_14778,Logged In Successfully,1
FCUserRun1_14749,Logged In Successfully,1
FCUserRun1_14796,Logged In Successfully,1
FCUserRun1_14785,Logged In Successfully,1
FCUserRun1_14786,Logged In Successfully,1
FCUserRun1_14748,Logged In Successfully,1
FCUserRun1_14804,Logged In Successfully,1
FCUserRun1_14784,Logged In Successfully,1
FCUserRun1_14780,Logged In Successfully,1
FCUserRun1_14773,Logged In Successfully,1
FCUserRun1_14790,Logged In Successfully,1
FCUserRun1_14766,Logged In Successfully,1
FCUserRun1_14757,Logged In Successfully,1
FCUserRun1_14802,Logged In Successfully,1
FCUserRun1_14821,Logged In Successfully,1
FCUserRun1_14820,Logged In Successfully,1
FCUserRun1_14830,Logged In Successfully,1
FCUserRun1_14826,Logged In Successfully,1
FCUserRun1_14825,Logged In Successfully,1
FCUserRun1_14850,Logged In Successfully,1
FCUserRun1_14841,Logged In Successfully,1
FCUserRun1_14855,Logged In Successfully,1
FCUserRun1_14824,Logged In Successfully,1
FCUserRun1_14854,Logged In Successfully,1
FCUserRun1_14851,Logged In Successfully,1
FCUserRun1_14810,Logged In Successfully,1
FCUserRun1_14831,Logged In Successfully,1
FCUserRun1_14832,Logged In Successfully,1
FCUserRun1_14877,Logged In Successfully,1
FCUserRun1_14836,Logged In Successfully,1
FCUserRun1_14856,Logged In Successfully,1
FCUserRun1_14837,Logged In Successfully,1
FCUserRun1_14885,Logged In Successfully,1
FCUserRun1_14889,Logged In Successfully,1
FCUserRun1_14896,Logged In Successfully,1
FCUserRun1_14897,Logged In Successfully,1
FCUserRun1_14876,Logged In Successfully,1
FCUserRun1_14909,Logged In Successfully,1
FCUserRun1_14894,Logged In Successfully,1
FCUserRun1_14902,Logged In Successfully,1
FCUserRun1_14870,Logged In Successfully,1
FCUserRun1_14881,Logged In Successfully,1
FCUserRun1_14908,Logged In Successfully,1
FCUserRun1_14927,Logged In Successfully,1
FCUserRun1_14928,Logged In Successfully,1
FCUserRun1_14915,Logged In Successfully,1
FCUserRun1_14904,Logged In Successfully,1
FCUserRun1_14872,Logged In Successfully,1
FCUserRun1_14946,Logged In Successfully,1
FCUserRun1_14944,Logged In Successfully,1
FCUserRun1_14961,Logged In Successfully,1
FCUserRun1_14952,Logged In Successfully,1
FCUserRun1_14959,Logged In Successfully,1
FCUserRun1_14911,Logged In Successfully,1
FCUserRun1_14913,Logged In Successfully,1
FCUserRun1_14960,Logged In Successfully,1
FCUserRun1_14936,Logged In Successfully,1
FCUserRun1_14918,Logged In Successfully,1
FCUserRun1_14971,Logged In Successfully,1
FCUserRun1_14975,Logged In Successfully,1
FCUserRun1_14979,Logged In Successfully,1
FCUserRun1_14942,Logged In Successfully,1
FCUserRun1_14990,Logged In Successfully,1
FCUserRun1_14982,Logged In Successfully,1
FCUserRun1_14983,Logged In Successfully,1
FCUserRun1_15004,Logged In Successfully,1
FCUserRun1_15008,Logged In Successfully,1
FCUserRun1_14949,Logged In Successfully,1
FCUserRun1_14992,Logged In Successfully,1
FCUserRun1_14994,Logged In Successfully,1
FCUserRun1_14976,Logged In Successfully,1
FCUserRun1_14991,Logged In Successfully,1
FCUserRun1_14954,Logged In Successfully,1
FCUserRun1_14997,Logged In Successfully,1
FCUserRun1_15020,Logged In Successfully,1
FCUserRun1_15025,Logged In Successfully,1
FCUserRun1_14987,Logged In Successfully,1
FCUserRun1_15015,Logged In Successfully,1
FCUserRun1_15039,Logged In Successfully,1
FCUserRun1_15037,Logged In Successfully,1
FCUserRun1_15041,Logged In Successfully,1
FCUserRun1_15022,Logged In Successfully,1
FCUserRun1_15051,Logged In Successfully,1
FCUserRun1_15042,Logged In Successfully,1
FCUserRun1_15053,Logged In Successfully,1
FCUserRun1_15045,Logged In Successfully,1
FCUserRun1_15049,Logged In Successfully,1
FCUserRun1_15065,Logged In Successfully,1
FCUserRun1_15048,Logged In Successfully,1
FCUserRun1_15052,Logged In Successfully,1
FCUserRun1_15061,Logged In Successfully,1
FCUserRun1_15071,Logged In Successfully,1
FCUserRun1_15014,Logged In Successfully,1
FCUserRun1_15076,Logged In Successfully,1
FCUserRun1_15086,Logged In Successfully,1
FCUserRun1_15082,Logged In Successfully,1
FCUserRun1_15085,Logged In Successfully,1
FCUserRun1_15089,Logged In Successfully,1
FCUserRun1_15099,Logged In Successfully,1
FCUserRun1_15092,Logged In Successfully,1
FCUserRun1_15114,Logged In Successfully,1
FCUserRun1_15116,Logged In Successfully,1
FCUserRun1_15102,Logged In Successfully,1
FCUserRun1_15118,Logged In Successfully,1
FCUserRun1_15103,Logged In Successfully,1
FCUserRun1_15095,Logged In Successfully,1
FCUserRun1_15127,Logged In Successfully,1
FCUserRun1_15136,Logged In Successfully,2
FCUserRun1_15123,Logged In Successfully,1
FCUserRun1_15120,Logged In Successfully,1
FCUserRun1_15113,Logged In Successfully,1
FCUserRun1_15139,Logged In Successfully,1
FCUserRun1_15142,Logged In Successfully,1
FCUserRun1_15105,Logged In Successfully,1
FCUserRun1_15146,Logged In Successfully,1
FCUserRun1_15148,Logged In Successfully,1
FCUserRun1_15150,Logged In Successfully,1
FCUserRun1_15067,Logged In Successfully,1
FCUserRun1_15094,Logged In Successfully,1
FCUserRun1_15155,Logged In Successfully,1
FCUserRun1_15154,Logged In Successfully,1
FCUserRun1_15159,Logged In Successfully,1
FCUserRun1_15162,Logged In Successfully,1
FCUserRun1_15153,Logged In Successfully,1
FCUserRun1_15175,Logged In Successfully,1
FCUserRun1_15184,Logged In Successfully,2
FCUserRun1_15172,Logged In Successfully,1
FCUserRun1_15189,Logged In Successfully,1
FCUserRun1_15193,Logged In Successfully,1
FCUserRun1_15173,Logged In Successfully,1
FCUserRun1_15183,Logged In Successfully,1
FCUserRun1_15176,Logged In Successfully,1
FCUserRun1_15133,Logged In Successfully,1
FCUserRun1_15160,Logged In Successfully,1
FCUserRun1_15140,Logged In Successfully,2
FCUserRun1_15196,Logged In Successfully,1
FCUserRun1_15198,Logged In Successfully,1
FCUserRun1_15169,Logged In Successfully,1
FCUserRun1_15215,Logged In Successfully,1
FCUserRun1_15200,Logged In Successfully,1
FCUserRun1_15213,Logged In Successfully,1
FCUserRun1_15224,Logged In Successfully,1
FCUserRun1_15187,Logged In Successfully,1
FCUserRun1_15214,Logged In Successfully,1
FCUserRun1_15220,Logged In Successfully,1
FCUserRun1_15228,Logged In Successfully,1
FCUserRun1_15168,Logged In Successfully,1
FCUserRun1_15249,Logged In Successfully,1
FCUserRun1_15260,Logged In Successfully,1
FCUserRun1_15248,Logged In Successfully,1
FCUserRun1_15254,Logged In Successfully,1
FCUserRun1_15243,Logged In Successfully,1
FCUserRun1_15223,Logged In Successfully,1
FCUserRun1_15277,Logged In Successfully,1
FCUserRun1_15251,Logged In Successfully,1
FCUserRun1_15191,Logged In Successfully,1
FCUserRun1_15266,Logged In Successfully,1
FCUserRun1_15210,Logged In Successfully,1
FCUserRun1_15281,Logged In Successfully,1
FCUserRun1_15284,Logged In Successfully,1
FCUserRun1_15287,Logged In Successfully,1
FCUserRun1_15229,Logged In Successfully,1
FCUserRun1_15257,Logged In Successfully,1
FCUserRun1_15233,Logged In Successfully,1
FCUserRun1_15306,Logged In Successfully,1
FCUserRun1_15312,Logged In Successfully,1
FCUserRun1_15307,Logged In Successfully,1
FCUserRun1_15315,Logged In Successfully,1
FCUserRun1_15263,Logged In Successfully,1
FCUserRun1_15318,Logged In Successfully,1
FCUserRun1_15319,Logged In Successfully,1
FCUserRun1_15327,Logged In Successfully,1
FCUserRun1_15291,Logged In Successfully,1
FCUserRun1_15330,Logged In Successfully,1
FCUserRun1_15339,Logged In Successfully,1
FCUserRun1_15348,Logged In Successfully,1
FCUserRun1_15351,Logged In Successfully,1
FCUserRun1_15325,Logged In Successfully,1
FCUserRun1_15352,Logged In Successfully,1
FCUserRun1_15341,Logged In Successfully,1
FCUserRun1_15357,Logged In Successfully,2
FCUserRun1_15271,Logged In Successfully,1
FCUserRun1_15322,Logged In Successfully,1
FCUserRun1_15308,Logged In Successfully,2
FCUserRun1_15358,Logged In Successfully,1
FCUserRun1_15336,Logged In Successfully,1
FCUserRun1_15296,Logged In Successfully,1
FCUserRun1_15365,Logged In Successfully,1
FCUserRun1_15373,Logged In Successfully,1
FCUserRun1_15368,Logged In Successfully,1
FCUserRun1_15377,Logged In Successfully,1
FCUserRun1_15380,Logged In Successfully,1
FCUserRun1_15344,Logged In Successfully,1
FCUserRun1_15386,Logged In Successfully,1
FCUserRun1_15392,Logged In Successfully,1
FCUserRun1_15388,Logged In Successfully,1
FCUserRun1_15391,Logged In Successfully,1
FCUserRun1_15415,Logged In Successfully,1
FCUserRun1_15374,Logged In Successfully,1
FCUserRun1_15385,Logged In Successfully,1
FCUserRun1_15394,Logged In Successfully,2
FCUserRun1_15403,Logged In Successfully,1
FCUserRun1_15418,Logged In Successfully,1
FCUserRun1_15387,Logged In Successfully,1
FCUserRun1_15410,Logged In Successfully,1
FCUserRun1_15420,Logged In Successfully,1
FCUserRun1_15407,Logged In Successfully,1
FCUserRun1_15441,Logged In Successfully,1
FCUserRun1_15428,Logged In Successfully,1
FCUserRun1_15434,Logged In Successfully,1
FCUserRun1_15442,Logged In Successfully,2
FCUserRun1_15411,Logged In Successfully,1
FCUserRun1_15443,Logged In Successfully,1
FCUserRun1_15456,Logged In Successfully,1
FCUserRun1_15446,Logged In Successfully,1
FCUserRun1_15436,Logged In Successfully,1
FCUserRun1_15449,Logged In Successfully,1
FCUserRun1_15438,Logged In Successfully,1
FCUserRun1_15469,Logged In Successfully,1
FCUserRun1_15470,Logged In Successfully,1
FCUserRun1_15471,Logged In Successfully,1
FCUserRun1_15478,Logged In Successfully,1
FCUserRun1_15472,Logged In Successfully,1
FCUserRun1_15447,Logged In Successfully,1
FCUserRun1_15492,Logged In Successfully,2
FCUserRun1_15483,Logged In Successfully,2
FCUserRun1_15500,Logged In Successfully,2
FCUserRun1_15473,Logged In Successfully,1
FCUserRun1_15502,Logged In Successfully,2
FCUserRun1_15501,Logged In Successfully,2
FCUserRun1_15488,Logged In Successfully,2
FCUserRun1_15487,Logged In Successfully,2
FCUserRun1_15491,Logged In Successfully,2
FCUserRun1_15444,Logged In Successfully,1
FCUserRun1_15499,Logged In Successfully,2
FCUserRun1_15504,Logged In Successfully,3
FCUserRun1_15505,Logged In Successfully,2
FCUserRun1_15454,Logged In Successfully,1
FCUserRun1_15541,Logged In Successfully,2
FCUserRun1_15528,Logged In Successfully,2
FCUserRun1_15536,Logged In Successfully,2
FCUserRun1_15548,Logged In Successfully,2
FCUserRun1_15517,Logged In Successfully,2
FCUserRun1_15553,Logged In Successfully,2
FCUserRun1_15523,Logged In Successfully,2
FCUserRun1_15529,Logged In Successfully,2
FCUserRun1_15546,Logged In Successfully,2
FCUserRun1_15524,Logged In Successfully,2
FCUserRun1_15556,Logged In Successfully,2
FCUserRun1_15564,Logged In Successfully,2
FCUserRun1_15544,Logged In Successfully,2
FCUserRun1_15537,Logged In Successfully,2
FCUserRun1_15549,Logged In Successfully,2
FCUserRun1_15560,Logged In Successfully,2
FCUserRun1_15586,Logged In Successfully,2
FCUserRun1_15576,Logged In Successfully,2
FCUserRun1_15589,Logged In Successfully,2
FCUserRun1_15594,Logged In Successfully,2
FCUserRun1_15584,Logged In Successfully,2
FCUserRun1_15602,Logged In Successfully,2
FCUserRun1_15568,Logged In Successfully,3
FCUserRun1_15598,Logged In Successfully,2
FCUserRun1_15587,Logged In Successfully,2
FCUserRun1_15620,Logged In Successfully,2
FCUserRun1_15611,Logged In Successfully,3
FCUserRun1_15615,Logged In Successfully,2
FCUserRun1_15570,Logged In Successfully,2
FCUserRun1_15635,Logged In Successfully,2
FCUserRun1_15630,Logged In Successfully,2
FCUserRun1_15625,Logged In Successfully,2
FCUserRun1_15621,Logged In Successfully,2
FCUserRun1_15616,Logged In Successfully,2
FCUserRun1_15642,Logged In Successfully,2
FCUserRun1_15593,Logged In Successfully,2
FCUserRun1_15660,Logged In Successfully,2
FCUserRun1_15617,Logged In Successfully,2
FCUserRun1_15667,Logged In Successfully,3
FCUserRun1_15623,Logged In Successfully,2
FCUserRun1_15613,Logged In Successfully,2
FCUserRun1_15651,Logged In Successfully,3
FCUserRun1_15649,Logged In Successfully,2
FCUserRun1_15677,Logged In Successfully,3
FCUserRun1_15665,Logged In Successfully,2
FCUserRun1_15634,Logged In Successfully,2
FCUserRun1_15685,Logged In Successfully,3
FCUserRun1_15695,Logged In Successfully,3
FCUserRun1_15686,Logged In Successfully,3
FCUserRun1_15672,Logged In Successfully,2
FCUserRun1_15659,Logged In Successfully,2
FCUserRun1_15708,Logged In Successfully,3
FCUserRun1_15705,Logged In Successfully,3
FCUserRun1_15698,Logged In Successfully,3
FCUserRun1_15681,Logged In Successfully,3
FCUserRun1_15675,Logged In Successfully,2
FCUserRun1_15704,Logged In Successfully,3
FCUserRun1_15687,Logged In Successfully,3
FCUserRun1_15728,Logged In Successfully,3
FCUserRun1_15715,Logged In Successfully,3
FCUserRun1_15703,Logged In Successfully,3
FCUserRun1_15729,Logged In Successfully,3
FCUserRun1_15726,Logged In Successfully,3
FCUserRun1_15742,Logged In Successfully,3
FCUserRun1_15755,Logged In Successfully,3
FCUserRun1_15734,Logged In Successfully,3
FCUserRun1_15747,Logged In Successfully,3
FCUserRun1_15758,Logged In Successfully,4
FCUserRun1_15741,Logged In Successfully,3
FCUserRun1_15768,Logged In Successfully,3
FCUserRun1_15743,Logged In Successfully,3
FCUserRun1_15737,Logged In Successfully,3
FCUserRun1_15779,Logged In Successfully,3
FCUserRun1_15748,Logged In Successfully,3
FCUserRun1_15774,Logged In Successfully,3
FCUserRun1_15750,Logged In Successfully,3
FCUserRun1_15788,Logged In Successfully,3
FCUserRun1_15775,Logged In Successfully,3
FCUserRun1_15765,Logged In Successfully,3
FCUserRun1_15785,Logged In Successfully,3
FCUserRun1_15802,Logged In Successfully,3
FCUserRun1_15792,Logged In Successfully,3
FCUserRun1_15776,Logged In Successfully,3
FCUserRun1_15813,Logged In Successfully,3
FCUserRun1_15796,Logged In Successfully,3
FCUserRun1_15811,Logged In Successfully,3
FCUserRun1_15806,Logged In Successfully,3
FCUserRun1_15812,Logged In Successfully,3
FCUserRun1_15795,Logged In Successfully,3
FCUserRun1_15805,Logged In Successfully,3
FCUserRun1_15831,Logged In Successfully,3
FCUserRun1_15814,Logged In Successfully,3
FCUserRun1_15823,Logged In Successfully,3
FCUserRun1_15848,Logged In Successfully,3
FCUserRun1_15850,Logged In Successfully,3
FCUserRun1_15853,Logged In Successfully,3
FCUserRun1_15859,Logged In Successfully,4
FCUserRun1_15840,Logged In Successfully,3
FCUserRun1_15843,Logged In Successfully,3
FCUserRun1_15818,Logged In Successfully,4
FCUserRun1_15861,Logged In Successfully,3
FCUserRun1_15851,Logged In Successfully,3
FCUserRun1_15847,Logged In Successfully,3
FCUserRun1_15865,Logged In Successfully,3
FCUserRun1_15858,Logged In Successfully,3
FCUserRun1_15884,Logged In Successfully,4
FCUserRun1_15887,Logged In Successfully,4
FCUserRun1_15891,Logged In Successfully,4
FCUserRun1_15890,Logged In Successfully,4
FCUserRun1_15899,Logged In Successfully,4
FCUserRun1_15893,Logged In Successfully,4
FCUserRun1_15873,Logged In Successfully,4
FCUserRun1_15885,Logged In Successfully,4
FCUserRun1_15868,Logged In Successfully,3
FCUserRun1_15923,Logged In Successfully,4
FCUserRun1_15916,Logged In Successfully,4
FCUserRun1_15927,Logged In Successfully,4
FCUserRun1_15924,Logged In Successfully,4
FCUserRun1_15877,Logged In Successfully,4
FCUserRun1_15900,Logged In Successfully,4
FCUserRun1_15926,Logged In Successfully,4
FCUserRun1_15922,Logged In Successfully,4
FCUserRun1_15940,Logged In Successfully,4
FCUserRun1_15939,Logged In Successfully,4
FCUserRun1_15880,Logged In Successfully,4
FCUserRun1_15914,Logged In Successfully,4
FCUserRun1_15925,Logged In Successfully,4
FCUserRun1_15950,Logged In Successfully,5
FCUserRun1_15951,Logged In Successfully,4
FCUserRun1_15952,Logged In Successfully,4
FCUserRun1_15906,Logged In Successfully,4
FCUserRun1_15967,Logged In Successfully,4
FCUserRun1_15929,Logged In Successfully,4
FCUserRun1_15966,Logged In Successfully,4
FCUserRun1_15955,Logged In Successfully,4
FCUserRun1_15983,Logged In Successfully,4
FCUserRun1_15988,Logged In Successfully,4
FCUserRun1_15954,Logged In Successfully,4
FCUserRun1_15953,Logged In Successfully,4
FCUserRun1_15992,Logged In Successfully,4
FCUserRun1_15973,Logged In Successfully,4
FCUserRun1_15998,Logged In Successfully,4
FCUserRun1_15969,Logged In Successfully,5
FCUserRun1_15959,Logged In Successfully,4
FCUserRun1_15961,Logged In Successfully,4
FCUserRun1_16027,Logged In Successfully,5
FCUserRun1_16003,Logged In Successfully,5
FCUserRun1_15982,Logged In Successfully,4
FCUserRun1_15978,Logged In Successfully,4
FCUserRun1_15993,Logged In Successfully,4
FCUserRun1_16020,Logged In Successfully,5
FCUserRun1_16017,Logged In Successfully,5
FCUserRun1_16036,Logged In Successfully,5
FCUserRun1_16042,Logged In Successfully,5
FCUserRun1_15991,Logged In Successfully,4
FCUserRun1_16032,Logged In Successfully,5
FCUserRun1_16050,Logged In Successfully,5
FCUserRun1_16065,Logged In Successfully,5
FCUserRun1_16052,Logged In Successfully,5
FCUserRun1_16066,Logged In Successfully,5
FCUserRun1_16064,Logged In Successfully,5
FCUserRun1_16059,Logged In Successfully,5
FCUserRun1_16076,Logged In Successfully,5
FCUserRun1_16033,Logged In Successfully,5
FCUserRun1_16025,Logged In Successfully,5
FCUserRun1_16083,Logged In Successfully,5
FCUserRun1_16099,Logged In Successfully,5
FCUserRun1_16096,Logged In Successfully,5
FCUserRun1_16100,Logged In Successfully,5
FCUserRun1_16095,Logged In Successfully,5
FCUserRun1_16106,Logged In Successfully,5
FCUserRun1_16063,Logged In Successfully,5
FCUserRun1_16109,Logged In Successfully,5
FCUserRun1_16057,Logged In Successfully,5
FCUserRun1_16108,Logged In Successfully,5
FCUserRun1_16061,Logged In Successfully,5
FCUserRun1_16126,Logged In Successfully,5
FCUserRun1_16051,Logged In Successfully,5
FCUserRun1_16128,Logged In Successfully,5
FCUserRun1_16082,Logged In Successfully,5
FCUserRun1_16097,Logged In Successfully,5
FCUserRun1_16133,Logged In Successfully,5
FCUserRun1_16136,Logged In Successfully,5
FCUserRun1_16150,Logged In Successfully,5
FCUserRun1_16142,Logged In Successfully,5
FCUserRun1_16122,Logged In Successfully,5
FCUserRun1_16144,Logged In Successfully,5
FCUserRun1_16160,Logged In Successfully,5
FCUserRun1_16157,Logged In Successfully,5
FCUserRun1_16140,Logged In Successfully,5
FCUserRun1_16151,Logged In Successfully,5
FCUserRun1_16137,Logged In Successfully,5
FCUserRun1_16176,Logged In Successfully,5
FCUserRun1_16180,Logged In Successfully,5
FCUserRun1_16159,Logged In Successfully,5
FCUserRun1_16189,Logged In Successfully,5
FCUserRun1_16145,Logged In Successfully,5
FCUserRun1_16191,Logged In Successfully,5
FCUserRun1_16172,Logged In Successfully,5
FCUserRun1_16195,Logged In Successfully,5
FCUserRun1_16198,Logged In Successfully,5
FCUserRun1_16204,Logged In Successfully,5
FCUserRun1_16214,Logged In Successfully,5
FCUserRun1_16194,Logged In Successfully,5
FCUserRun1_16212,Logged In Successfully,5
FCUserRun1_16208,Logged In Successfully,5
FCUserRun1_16222,Logged In Successfully,5
FCUserRun1_16221,Logged In Successfully,5
FCUserRun1_16229,Logged In Successfully,5
FCUserRun1_16232,Logged In Successfully,5
FCUserRun1_16239,Logged In Successfully,5
FCUserRun1_16231,Logged In Successfully,5
FCUserRun1_16246,Logged In Successfully,5
FCUserRun1_16240,Logged In Successfully,5
FCUserRun1_16253,Logged In Successfully,5
FCUserRun1_16257,Logged In Successfully,5
FCUserRun1_16164,Logged In Successfully,5
FCUserRun1_16169,Logged In Successfully,5
FCUserRun1_16178,Logged In Successfully,5
FCUserRun1_16266,Logged In Successfully,5
FCUserRun1_16251,Logged In Successfully,5
FCUserRun1_16268,Logged In Successfully,5
FCUserRun1_16279,Logged In Successfully,5
FCUserRun1_16262,Logged In Successfully,5
FCUserRun1_16273,Logged In Successfully,5
FCUserRun1_16284,Logged In Successfully,5
FCUserRun1_16298,Logged In Successfully,5
FCUserRun1_16278,Logged In Successfully,5
FCUserRun1_16236,Logged In Successfully,5
FCUserRun1_16269,Logged In Successfully,5
FCUserRun1_16245,Logged In Successfully,5
FCUserRun1_16307,Logged In Successfully,5
FCUserRun1_16287,Logged In Successfully,5
FCUserRun1_16306,Logged In Successfully,5
FCUserRun1_16323,Logged In Successfully,5
FCUserRun1_16317,Logged In Successfully,5
FCUserRun1_16294,Logged In Successfully,5
FCUserRun1_16292,Logged In Successfully,5
FCUserRun1_16291,Logged In Successfully,5
FCUserRun1_16299,Logged In Successfully,5
FCUserRun1_16350,Logged In Successfully,5
FCUserRun1_16358,Logged In Successfully,5
FCUserRun1_16357,Logged In Successfully,5
FCUserRun1_16321,Logged In Successfully,5
FCUserRun1_16325,Logged In Successfully,5
FCUserRun1_16332,Logged In Successfully,5
FCUserRun1_16327,Logged In Successfully,5
FCUserRun1_16331,Logged In Successfully,5
FCUserRun1_16348,Logged In Successfully,5
FCUserRun1_16369,Logged In Successfully,5
FCUserRun1_16366,Logged In Successfully,5
FCUserRun1_16378,Logged In Successfully,5
FCUserRun1_16373,Logged In Successfully,5
FCUserRun1_16379,Logged In Successfully,5
FCUserRun1_16370,Logged In Successfully,5
FCUserRun1_16361,Logged In Successfully,5
FCUserRun1_16351,Logged In Successfully,5
FCUserRun1_16393,Logged In Successfully,5
FCUserRun1_16396,Logged In Successfully,5
FCUserRun1_16401,Logged In Successfully,5
FCUserRun1_16411,Logged In Successfully,5
FCUserRun1_16410,Logged In Successfully,5
FCUserRun1_16422,Logged In Successfully,5
FCUserRun1_16387,Logged In Successfully,5
FCUserRun1_16425,Logged In Successfully,5
FCUserRun1_16421,Logged In Successfully,5
FCUserRun1_16407,Logged In Successfully,5
FCUserRun1_16434,Logged In Successfully,5
FCUserRun1_16414,Logged In Successfully,5
FCUserRun1_16437,Logged In Successfully,5
FCUserRun1_16439,Logged In Successfully,5
FCUserRun1_16419,Logged In Successfully,5
FCUserRun1_16394,Logged In Successfully,5
FCUserRun1_16454,Logged In Successfully,5
FCUserRun1_16460,Logged In Successfully,5
FCUserRun1_16380,Logged In Successfully,5
FCUserRun1_16447,Logged In Successfully,5
FCUserRun1_16468,Logged In Successfully,5
FCUserRun1_16471,Logged In Successfully,5
FCUserRun1_16430,Logged In Successfully,5
FCUserRun1_16436,Logged In Successfully,5
FCUserRun1_16472,Logged In Successfully,5
FCUserRun1_16427,Logged In Successfully,5
FCUserRun1_16457,Logged In Successfully,5
FCUserRun1_16449,Logged In Successfully,5
FCUserRun1_16477,Logged In Successfully,5
FCUserRun1_16501,Logged In Successfully,5
FCUserRun1_16475,Logged In Successfully,5
FCUserRun1_16495,Logged In Successfully,5
FCUserRun1_16509,Logged In Successfully,5
FCUserRun1_16473,Logged In Successfully,5
FCUserRun1_16492,Logged In Successfully,5
FCUserRun1_16510,Logged In Successfully,5
FCUserRun1_16496,Logged In Successfully,5
FCUserRun1_16508,Logged In Successfully,5
FCUserRun1_16507,Logged In Successfully,5
FCUserRun1_16516,Logged In Successfully,5
FCUserRun1_16527,Logged In Successfully,5
FCUserRun1_16514,Logged In Successfully,5
FCUserRun1_16532,Logged In Successfully,5
FCUserRun1_16520,Logged In Successfully,5
FCUserRun1_16539,Logged In Successfully,5
FCUserRun1_16531,Logged In Successfully,5
FCUserRun1_16547,Logged In Successfully,5
FCUserRun1_16557,Logged In Successfully,5
FCUserRun1_16553,Logged In Successfully,5
FCUserRun1_16568,Logged In Successfully,5
FCUserRun1_16550,Logged In Successfully,5
FCUserRun1_16540,Logged In Successfully,5
FCUserRun1_16554,Logged In Successfully,5
FCUserRun1_16563,Logged In Successfully,5
FCUserRun1_16572,Logged In Successfully,5
FCUserRun1_16530,Logged In Successfully,5
FCUserRun1_16578,Logged In Successfully,5
FCUserRun1_16583,Logged In Successfully,5
FCUserRun1_16590,Logged In Successfully,5
FCUserRun1_16591,Logged In Successfully,5
FCUserRun1_16595,Logged In Successfully,5
FCUserRun1_16543,Logged In Successfully,5
FCUserRun1_16548,Logged In Successfully,5
FCUserRun1_16594,Logged In Successfully,5
FCUserRun1_16596,Logged In Successfully,5
FCUserRun1_16605,Logged In Successfully,5
FCUserRun1_16546,Logged In Successfully,5
FCUserRun1_16608,Logged In Successfully,5
FCUserRun1_16611,Logged In Successfully,5
FCUserRun1_16601,Logged In Successfully,5
FCUserRun1_16577,Logged In Successfully,5
FCUserRun1_16606,Logged In Successfully,5
FCUserRun1_16597,Logged In Successfully,5
FCUserRun1_16623,Logged In Successfully,5
FCUserRun1_16632,Logged In Successfully,5
FCUserRun1_16635,Logged In Successfully,5
FCUserRun1_16634,Logged In Successfully,5
FCUserRun1_16639,Logged In Successfully,5
FCUserRun1_16629,Logged In Successfully,5
FCUserRun1_16625,Logged In Successfully,5
FCUserRun1_16653,Logged In Successfully,5
FCUserRun1_16641,Logged In Successfully,5
FCUserRun1_16662,Logged In Successfully,5
FCUserRun1_16645,Logged In Successfully,5
FCUserRun1_16620,Logged In Successfully,5
FCUserRun1_16661,Logged In Successfully,5
FCUserRun1_16665,Logged In Successfully,5
FCUserRun1_16654,Logged In Successfully,5
FCUserRun1_16668,Logged In Successfully,5
FCUserRun1_16671,Logged In Successfully,5
FCUserRun1_16628,Logged In Successfully,5
FCUserRun1_16682,Logged In Successfully,5
FCUserRun1_16674,Logged In Successfully,5
FCUserRun1_16686,Logged In Successfully,5
FCUserRun1_16687,Logged In Successfully,5
FCUserRun1_16695,Logged In Successfully,5
FCUserRun1_16701,Logged In Successfully,5
FCUserRun1_16643,Logged In Successfully,5
FCUserRun1_16719,Logged In Successfully,5
FCUserRun1_16720,Logged In Successfully,5
FCUserRun1_16700,Logged In Successfully,5
FCUserRun1_16716,Logged In Successfully,5
FCUserRun1_16636,Logged In Successfully,5
FCUserRun1_16726,Logged In Successfully,5
FCUserRun1_16667,Logged In Successfully,5
FCUserRun1_16728,Logged In Successfully,5
FCUserRun1_16730,Logged In Successfully,5
FCUserRun1_16693,Logged In Successfully,5
FCUserRun1_16703,Logged In Successfully,5
FCUserRun1_16709,Logged In Successfully,5
FCUserRun1_16734,Logged In Successfully,5
FCUserRun1_16748,Logged In Successfully,5
FCUserRun1_16708,Logged In Successfully,5
FCUserRun1_16747,Logged In Successfully,5
FCUserRun1_16685,Logged In Successfully,5
FCUserRun1_16749,Logged In Successfully,5
FCUserRun1_16763,Logged In Successfully,5
FCUserRun1_16765,Logged In Successfully,5
FCUserRun1_16770,Logged In Successfully,5
FCUserRun1_16772,Logged In Successfully,5
FCUserRun1_16766,Logged In Successfully,5
FCUserRun1_16762,Logged In Successfully,5
FCUserRun1_16780,Logged In Successfully,5
FCUserRun1_16774,Logged In Successfully,5
FCUserRun1_16758,Logged In Successfully,5
FCUserRun1_16783,Logged In Successfully,5
FCUserRun1_16797,Logged In Successfully,5
FCUserRun1_16799,Logged In Successfully,5
FCUserRun1_16794,Logged In Successfully,5
FCUserRun1_16781,Logged In Successfully,5
FCUserRun1_16759,Logged In Successfully,5
FCUserRun1_16805,Logged In Successfully,5
FCUserRun1_16801,Logged In Successfully,5
FCUserRun1_16767,Logged In Successfully,5
FCUserRun1_16813,Logged In Successfully,5
FCUserRun1_16808,Logged In Successfully,5
FCUserRun1_16830,Logged In Successfully,5
FCUserRun1_16819,Logged In Successfully,5
FCUserRun1_16824,Logged In Successfully,5
FCUserRun1_16807,Logged In Successfully,5
FCUserRun1_16841,Logged In Successfully,5
FCUserRun1_16823,Logged In Successfully,5
FCUserRun1_16846,Logged In Successfully,5
FCUserRun1_16844,Logged In Successfully,5
FCUserRun1_16826,Logged In Successfully,5
FCUserRun1_16848,Logged In Successfully,5
FCUserRun1_16833,Logged In Successfully,5
FCUserRun1_16845,Logged In Successfully,5
FCUserRun1_16870,Logged In Successfully,5
FCUserRun1_16882,Logged In Successfully,5
FCUserRun1_16861,Logged In Successfully,5
FCUserRun1_16885,Logged In Successfully,5
FCUserRun1_16860,Logged In Successfully,5
FCUserRun1_16888,Logged In Successfully,5
FCUserRun1_16849,Logged In Successfully,5
FCUserRun1_16859,Logged In Successfully,5
FCUserRun1_16878,Logged In Successfully,5
FCUserRun1_16862,Logged In Successfully,5
FCUserRun1_16902,Logged In Successfully,5
FCUserRun1_16884,Logged In Successfully,5
FCUserRun1_16889,Logged In Successfully,5
FCUserRun1_16904,Logged In Successfully,5
FCUserRun1_16911,Logged In Successfully,5
FCUserRun1_16917,Logged In Successfully,5
FCUserRun1_16920,Logged In Successfully,5
FCUserRun1_16933,Logged In Successfully,5
FCUserRun1_16935,Logged In Successfully,5
FCUserRun1_16941,Logged In Successfully,5
FCUserRun1_16868,Logged In Successfully,5
FCUserRun1_16924,Logged In Successfully,5
FCUserRun1_16926,Logged In Successfully,5
FCUserRun1_16947,Logged In Successfully,5
FCUserRun1_16919,Logged In Successfully,5
FCUserRun1_16899,Logged In Successfully,5
FCUserRun1_16912,Logged In Successfully,5
FCUserRun1_16956,Logged In Successfully,5
FCUserRun1_16936,Logged In Successfully,5
FCUserRun1_16934,Logged In Successfully,5
FCUserRun1_16963,Logged In Successfully,5
FCUserRun1_16965,Logged In Successfully,5
FCUserRun1_16959,Logged In Successfully,5
FCUserRun1_16966,Logged In Successfully,5
FCUserRun1_16974,Logged In Successfully,5
FCUserRun1_16972,Logged In Successfully,5
FCUserRun1_16940,Logged In Successfully,5
FCUserRun1_16979,Logged In Successfully,5
FCUserRun1_16967,Logged In Successfully,5
FCUserRun1_16985,Logged In Successfully,5
FCUserRun1_17007,Logged In Successfully,5
FCUserRun1_16970,Logged In Successfully,5
FCUserRun1_16999,Logged In Successfully,5
FCUserRun1_17012,Logged In Successfully,5
FCUserRun1_17009,Logged In Successfully,5
FCUserRun1_17001,Logged In Successfully,5
FCUserRun1_16988,Logged In Successfully,5
FCUserRun1_17022,Logged In Successfully,5
FCUserRun1_17024,Logged In Successfully,5
FCUserRun1_16986,Logged In Successfully,5
FCUserRun1_16976,Logged In Successfully,5
FCUserRun1_17002,Logged In Successfully,5
FCUserRun1_17037,Logged In Successfully,5
FCUserRun1_17013,Logged In Successfully,5
FCUserRun1_17040,Logged In Successfully,5
FCUserRun1_17015,Logged In Successfully,5
FCUserRun1_17049,Logged In Successfully,5
FCUserRun1_17053,Logged In Successfully,5
FCUserRun1_17055,Logged In Successfully,5
FCUserRun1_17058,Logged In Successfully,5
FCUserRun1_17019,Logged In Successfully,5
FCUserRun1_17056,Logged In Successfully,5
FCUserRun1_17050,Logged In Successfully,5
FCUserRun1_17073,Logged In Successfully,5
FCUserRun1_17081,Logged In Successfully,5
FCUserRun1_17046,Logged In Successfully,5
FCUserRun1_17047,Logged In Successfully,5
FCUserRun1_17088,Logged In Successfully,5
FCUserRun1_17098,Invalid Credentials,NOT_FOUND(availablePts)
FCUserRun1_17095,Logged In Successfully,5
FCUserRun1_17067,Logged In Successfully,5
FCUserRun1_17044,Logged In Successfully,5
FCUserRun1_17078,Logged In Successfully,5
FCUserRun1_17126,Invalid Credentials,NOT_FOUND(availablePts)
FCUserRun1_17111,Logged In Successfully,5
FCUserRun1_17087,Logged In Successfully,5
FCUserRun1_17104,Logged In Successfully,5
FCUserRun1_17113,Logged In Successfully,5
FCUserRun1_17101,Logged In Successfully,5
FCUserRun1_17099,Logged In Successfully,5
FCUserRun1_17114,Logged In Successfully,5
FCUserRun1_17107,Logged In Successfully,5
FCUserRun1_17116,Logged In Successfully,5
FCUserRun1_17134,Logged In Successfully,5
FCUserRun1_17121,Logged In Successfully,5
FCUserRun1_17142,Logged In Successfully,5
FCUserRun1_17151,Logged In Successfully,5
FCUserRun1_17149,Logged In Successfully,5
FCUserRun1_17153,Logged In Successfully,5
FCUserRun1_17110,Logged In Successfully,5
FCUserRun1_17152,Logged In Successfully,5
FCUserRun1_17159,Logged In Successfully,5
FCUserRun1_17157,Logged In Successfully,5
FCUserRun1_17161,Logged In Successfully,5
FCUserRun1_17143,Logged In Successfully,5
FCUserRun1_17122,Logged In Successfully,5
FCUserRun1_17169,Logged In Successfully,5
FCUserRun1_17175,Logged In Successfully,5
FCUserRun1_17155,Logged In Successfully,5
FCUserRun1_17180,Logged In Successfully,5
FCUserRun1_17136,Logged In Successfully,5
FCUserRun1_17181,Logged In Successfully,5
FCUserRun1_17195,Logged In Successfully,5
FCUserRun1_17197,Logged In Successfully,5
FCUserRun1_17184,Logged In Successfully,5
FCUserRun1_17218,Logged In Successfully,5
FCUserRun1_17211,Logged In Successfully,5
FCUserRun1_17217,Logged In Successfully,5
FCUserRun1_17189,Logged In Successfully,5
FCUserRun1_17170,Logged In Successfully,5
FCUserRun1_17199,Logged In Successfully,5
FCUserRun1_17224,Logged In Successfully,5
FCUserRun1_17228,Logged In Successfully,5
FCUserRun1_17212,Logged In Successfully,5
FCUserRun1_17191,Logged In Successfully,5
FCUserRun1_17220,Logged In Successfully,5
FCUserRun1_17236,Logged In Successfully,5
FCUserRun1_17244,Logged In Successfully,5
FCUserRun1_17232,Invalid Credentials,NOT_FOUND(availablePts)
FCUserRun1_17179,Logged In Successfully,5
FCUserRun1_17248,Logged In Successfully,5
FCUserRun1_17187,Logged In Successfully,5
FCUserRun1_17240,Logged In Successfully,5
FCUserRun1_17268,Logged In Successfully,5
FCUserRun1_17253,Logged In Successfully,5
FCUserRun1_17261,Logged In Successfully,5
FCUserRun1_17256,Logged In Successfully,5
FCUserRun1_17271,Logged In Successfully,5
FCUserRun1_17272,Logged In Successfully,5
FCUserRun1_17267,Logged In Successfully,5
FCUserRun1_17288,Logged In Successfully,5
FCUserRun1_17260,Logged In Successfully,5
FCUserRun1_17278,Logged In Successfully,5
FCUserRun1_17308,Logged In Successfully,5
FCUserRun1_17310,Logged In Successfully,5
FCUserRun1_17283,Logged In Successfully,5
FCUserRun1_17295,Logged In Successfully,5
FCUserRun1_17327,Logged In Successfully,5
FCUserRun1_17329,Logged In Successfully,5
FCUserRun1_17328,Logged In Successfully,5
FCUserRun1_17336,Logged In Successfully,5
FCUserRun1_17343,Logged In Successfully,5
FCUserRun1_17334,Logged In Successfully,5
FCUserRun1_17354,Logged In Successfully,5
FCUserRun1_17313,Logged In Successfully,5
FCUserRun1_17290,Logged In Successfully,5
FCUserRun1_17355,Logged In Successfully,5
FCUserRun1_17361,Logged In Successfully,5
FCUserRun1_17326,Logged In Successfully,5
FCUserRun1_17315,Logged In Successfully,5
FCUserRun1_17314,Logged In Successfully,5
FCUserRun1_17362,Logged In Successfully,5
FCUserRun1_17367,Logged In Successfully,5
FCUserRun1_17342,Logged In Successfully,5
FCUserRun1_17388,Logged In Successfully,5
FCUserRun1_17346,Logged In Successfully,5
FCUserRun1_17376,Logged In Successfully,5
FCUserRun1_17397,Logged In Successfully,5
FCUserRun1_17396,Logged In Successfully,5
FCUserRun1_17385,Logged In Successfully,5
FCUserRun1_17403,Logged In Successfully,5
FCUserRun1_17381,Logged In Successfully,5
FCUserRun1_17410,Logged In Successfully,5
FCUserRun1_17404,Logged In Successfully,5
FCUserRun1_17415,Logged In Successfully,5
FCUserRun1_17431,Logged In Successfully,5
FCUserRun1_17433,Logged In Successfully,5
FCUserRun1_17422,Logged In Successfully,5
FCUserRun1_17441,Logged In Successfully,5
FCUserRun1_17391,Logged In Successfully,5
FCUserRun1_17449,Logged In Successfully,5
FCUserRun1_17451,Logged In Successfully,5
FCUserRun1_17427,Logged In Successfully,5
FCUserRun1_17402,Logged In Successfully,5
FCUserRun1_17398,Logged In Successfully,5
FCUserRun1_17413,Logged In Successfully,5
FCUserRun1_17467,Logged In Successfully,5
FCUserRun1_17463,Logged In Successfully,5
FCUserRun1_17455,Logged In Successfully,5
FCUserRun1_17445,Logged In Successfully,5
FCUserRun1_17440,Logged In Successfully,5
FCUserRun1_17480,Logged In Successfully,5
FCUserRun1_17432,Logged In Successfully,5
FCUserRun1_17456,Logged In Successfully,5
FCUserRun1_17479,Logged In Successfully,5
FCUserRun1_17471,Logged In Successfully,5
FCUserRun1_17495,Logged In Successfully,5
FCUserRun1_17473,Logged In Successfully,5
FCUserRun1_17488,Logged In Successfully,5
FCUserRun1_17503,Logged In Successfully,5
FCUserRun1_17510,Logged In Successfully,5
FCUserRun1_17518,Logged In Successfully,5
FCUserRun1_17493,Logged In Successfully,5
FCUserRun1_17513,Logged In Successfully,5
FCUserRun1_17538,Logged In Successfully,5
FCUserRun1_17525,Logged In Successfully,5
FCUserRun1_17484,Logged In Successfully,5
FCUserRun1_17506,Logged In Successfully,5
FCUserRun1_17490,Logged In Successfully,5
FCUserRun1_17539,Logged In Successfully,5
FCUserRun1_17486,Logged In Successfully,5
FCUserRun1_17545,Logged In Successfully,5
FCUserRun1_17528,Logged In Successfully,5
FCUserRun1_17516,Logged In Successfully,5
FCUserRun1_17557,Logged In Successfully,5
FCUserRun1_17537,Logged In Successfully,5
FCUserRun1_17571,Logged In Successfully,5
FCUserRun1_17562,Logged In Successfully,5
FCUserRun1_17575,Logged In Successfully,5
FCUserRun1_17573,Logged In Successfully,5
FCUserRun1_17579,Logged In Successfully,5
FCUserRun1_17581,Logged In Successfully,5
FCUserRun1_17547,Logged In Successfully,5
FCUserRun1_17596,Logged In Successfully,5
FCUserRun1_17592,Logged In Successfully,5
FCUserRun1_17595,Logged In Successfully,5
FCUserRun1_17580,Logged In Successfully,5
FCUserRun1_17583,Logged In Successfully,5
FCUserRun1_17610,Logged In Successfully,5
FCUserRun1_17564,Logged In Successfully,5
FCUserRun1_17594,Logged In Successfully,5
FCUserRun1_17590,Logged In Successfully,5
FCUserRun1_17615,Logged In Successfully,5
FCUserRun1_17619,Logged In Successfully,5
FCUserRun1_17626,Logged In Successfully,5
FCUserRun1_17620,Logged In Successfully,5
FCUserRun1_17623,Logged In Successfully,5
FCUserRun1_17616,Logged In Successfully,5
FCUserRun1_17632,Logged In Successfully,5
FCUserRun1_17643,Logged In Successfully,5
FCUserRun1_17633,Logged In Successfully,5
FCUserRun1_17617,Logged In Successfully,5
FCUserRun1_17654,Logged In Successfully,5
FCUserRun1_17661,Logged In Successfully,5
FCUserRun1_17662,Logged In Successfully,5
FCUserRun1_17652,Logged In Successfully,5
FCUserRun1_17634,Logged In Successfully,5
FCUserRun1_17665,Logged In Successfully,5
FCUserRun1_17666,Logged In Successfully,5
FCUserRun1_17673,Logged In Successfully,5
FCUserRun1_17647,Logged In Successfully,5
FCUserRun1_17668,Logged In Successfully,5
FCUserRun1_17687,Logged In Successfully,5
FCUserRun1_17681,Logged In Successfully,5
FCUserRun1_17693,Logged In Successfully,5
FCUserRun1_17705,Logged In Successfully,5
FCUserRun1_17683,Logged In Successfully,5
FCUserRun1_17695,Logged In Successfully,5
FCUserRun1_17631,Logged In Successfully,5
FCUserRun1_17677,Logged In Successfully,5
FCUserRun1_17692,Logged In Successfully,5
FCUserRun1_17691,Logged In Successfully,5
FCUserRun1_17720,Logged In Successfully,5
FCUserRun1_17706,Logged In Successfully,5
FCUserRun1_17719,Logged In Successfully,5
FCUserRun1_17667,Logged In Successfully,5
FCUserRun1_17722,Logged In Successfully,5
FCUserRun1_17704,Logged In Successfully,5
FCUserRun1_17731,Logged In Successfully,5
FCUserRun1_17735,Logged In Successfully,5
FCUserRun1_17732,Logged In Successfully,5
FCUserRun1_17759,Invalid Credentials,NOT_FOUND(availablePts)
FCUserRun1_17742,Logged In Successfully,5
FCUserRun1_17707,Logged In Successfully,5
FCUserRun1_17738,Logged In Successfully,5
FCUserRun1_17737,Logged In Successfully,5
FCUserRun1_17710,Logged In Successfully,5
FCUserRun1_17754,Logged In Successfully,5
FCUserRun1_17752,Logged In Successfully,5
FCUserRun1_17761,Logged In Successfully,5
FCUserRun1_17764,Logged In Successfully,5
FCUserRun1_17765,Logged In Successfully,5
FCUserRun1_17783,Invalid Credentials,NOT_FOUND(availablePts)
FCUserRun1_17767,Logged In Successfully,5
FCUserRun1_17787,Invalid Credentials,NOT_FOUND(availablePts)
FCUserRun1_17769,Logged In Successfully,5
FCUserRun1_17773,Logged In Successfully,5
FCUserRun1_17782,Logged In Successfully,5
FCUserRun1_17777,Logged In Successfully,5
FCUserRun1_17795,Logged In Successfully,5
FCUserRun1_17791,Logged In Successfully,5
FCUserRun1_17797,Logged In Successfully,5
FCUserRun1_17799,Logged In Successfully,5
FCUserRun1_17803,Logged In Successfully,5
FCUserRun1_17758,Logged In Successfully,5
FCUserRun1_17794,Logged In Successfully,5
FCUserRun1_17755,Logged In Successfully,5
FCUserRun1_17801,Logged In Successfully,5
FCUserRun1_17805,Logged In Successfully,5
FCUserRun1_17808,Logged In Successfully,5
FCUserRun1_17817,Logged In Successfully,5
FCUserRun1_17825,Logged In Successfully,5
FCUserRun1_17824,Logged In Successfully,5
FCUserRun1_17813,Logged In Successfully,5
FCUserRun1_17830,Logged In Successfully,5
FCUserRun1_17826,Logged In Successfully,5
FCUserRun1_17778,Logged In Successfully,5
FCUserRun1_17841,Logged In Successfully,5
FCUserRun1_17832,Logged In Successfully,5
FCUserRun1_17838,Logged In Successfully,5
FCUserRun1_17831,Logged In Successfully,5
FCUserRun1_17840,Logged In Successfully,5
FCUserRun1_17828,Logged In Successfully,5
FCUserRun1_17847,Logged In Successfully,5
FCUserRun1_17864,Logged In Successfully,5
FCUserRun1_17776,Logged In Successfully,5
FCUserRun1_17857,Logged In Successfully,5
FCUserRun1_17858,Logged In Successfully,5
FCUserRun1_17862,Logged In Successfully,5
FCUserRun1_17879,Logged In Successfully,5
FCUserRun1_17875,Logged In Successfully,5
FCUserRun1_17866,Logged In Successfully,5
FCUserRun1_17880,Logged In Successfully,5
FCUserRun1_17886,Logged In Successfully,5
FCUserRun1_17905,Logged In Successfully,5
FCUserRun1_17883,Logged In Successfully,5
FCUserRun1_17908,Logged In Successfully,5
FCUserRun1_17894,Logged In Successfully,5
FCUserRun1_17885,Logged In Successfully,5
FCUserRun1_17896,Logged In Successfully,5
FCUserRun1_17907,Logged In Successfully,5
FCUserRun1_17859,Logged In Successfully,5
FCUserRun1_17865,Logged In Successfully,5
FCUserRun1_17940,Invalid Credentials,NOT_FOUND(availablePts)
FCUserRun1_17915,Logged In Successfully,5
FCUserRun1_17927,Logged In Successfully,5
FCUserRun1_17933,Logged In Successfully,5
FCUserRun1_17934,Logged In Successfully,5
FCUserRun1_17925,Logged In Successfully,5
FCUserRun1_17939,Logged In Successfully,5
FCUserRun1_17948,Logged In Successfully,5
FCUserRun1_17942,Logged In Successfully,5
FCUserRun1_17922,Logged In Successfully,5
FCUserRun1_17913,Logged In Successfully,5
FCUserRun1_17959,Logged In Successfully,5
FCUserRun1_17929,Logged In Successfully,5
FCUserRun1_17958,Logged In Successfully,5
FCUserRun1_17966,Logged In Successfully,5
FCUserRun1_17953,Logged In Successfully,5
FCUserRun1_17979,Logged In Successfully,5
FCUserRun1_17973,Logged In Successfully,5
FCUserRun1_17977,Logged In Successfully,5
FCUserRun1_17954,Logged In Successfully,5
FCUserRun1_17975,Logged In Successfully,5
FCUserRun1_17992,Logged In Successfully,5
FCUserRun1_17993,Logged In Successfully,5
FCUserRun1_17985,Logged In Successfully,5
FCUserRun1_17998,Logged In Successfully,5
FCUserRun1_17996,Logged In Successfully,5
FCUserRun1_17945,Logged In Successfully,5
FCUserRun1_18023,Invalid Credentials,NOT_FOUND(availablePts)
FCUserRun1_18009,Logged In Successfully,5
FCUserRun1_18012,Logged In Successfully,5
FCUserRun1_17988,Logged In Successfully,5
FCUserRun1_18019,Logged In Successfully,5
FCUserRun1_18022,Logged In Successfully,5
FCUserRun1_18013,Logged In Successfully,5
FCUserRun1_18034,Logged In Successfully,5
FCUserRun1_18052,Invalid Credentials,NOT_FOUND(availablePts)
FCUserRun1_18030,Logged In Successfully,5
FCUserRun1_18043,Logged In Successfully,5
FCUserRun1_18014,Logged In Successfully,5
FCUserRun1_18058,Logged In Successfully,5
FCUserRun1_18057,Logged In Successfully,5
FCUserRun1_18063,Logged In Successfully,5
FCUserRun1_18020,Logged In Successfully,5
FCUserRun1_18073,Logged In Successfully,5
FCUserRun1_18075,Logged In Successfully,5
FCUserRun1_18035,Logged In Successfully,5
FCUserRun1_18078,Logged In Successfully,5
FCUserRun1_18056,Logged In Successfully,5
FCUserRun1_18067,Logged In Successfully,5
FCUserRun1_18041,Logged In Successfully,5
FCUserRun1_18050,Logged In Successfully,5
FCUserRun1_18037,Logged In Successfully,5
FCUserRun1_18053,Logged In Successfully,5
FCUserRun1_18091,Logged In Successfully,5
FCUserRun1_18093,Logged In Successfully,5
FCUserRun1_18096,Logged In Successfully,5
FCUserRun1_18102,Logged In Successfully,5
FCUserRun1_18122,Logged In Successfully,5
FCUserRun1_18072,Logged In Successfully,5
FCUserRun1_18132,Logged In Successfully,5
FCUserRun1_18121,Logged In Successfully,5
FCUserRun1_18092,Logged In Successfully,5
FCUserRun1_18135,Logged In Successfully,5
FCUserRun1_18137,Logged In Successfully,5
FCUserRun1_18100,Logged In Successfully,5
FCUserRun1_18128,Logged In Successfully,5
FCUserRun1_18110,Logged In Successfully,5
FCUserRun1_18104,Logged In Successfully,5
FCUserRun1_18127,Logged In Successfully,5
FCUserRun1_18117,Logged In Successfully,5
FCUserRun1_18152,Logged In Successfully,5
FCUserRun1_18124,Logged In Successfully,5
FCUserRun1_18123,Logged In Successfully,5
FCUserRun1_18161,Logged In Successfully,5
FCUserRun1_18158,Logged In Successfully,5
FCUserRun1_18171,Logged In Successfully,5
FCUserRun1_18174,Logged In Successfully,5
FCUserRun1_18166,Logged In Successfully,5
FCUserRun1_18176,Logged In Successfully,5
FCUserRun1_18159,Logged In Successfully,5
FCUserRun1_18182,Logged In Successfully,5
FCUserRun1_18197,Logged In Successfully,5
FCUserRun1_18184,Logged In Successfully,5
FCUserRun1_18168,Logged In Successfully,5
FCUserRun1_18156,Logged In Successfully,5
FCUserRun1_18209,Logged In Successfully,5
FCUserRun1_18214,Logged In Successfully,5
FCUserRun1_18210,Logged In Successfully,5
FCUserRun1_18189,Logged In Successfully,5
FCUserRun1_18157,Logged In Successfully,5
FCUserRun1_18215,Logged In Successfully,5
FCUserRun1_18183,Logged In Successfully,5
FCUserRun1_18190,Logged In Successfully,5
FCUserRun1_18229,Logged In Successfully,5
FCUserRun1_18227,Logged In Successfully,5
FCUserRun1_18225,Logged In Successfully,5
FCUserRun1_18242,Logged In Successfully,5
FCUserRun1_18206,Logged In Successfully,5
FCUserRun1_18193,Logged In Successfully,5
FCUserRun1_18238,Logged In Successfully,5
FCUserRun1_18250,Logged In Successfully,5
FCUserRun1_18245,Logged In Successfully,5
FCUserRun1_18265,Logged In Successfully,5
FCUserRun1_18268,Logged In Successfully,5
FCUserRun1_18230,Logged In Successfully,5
FCUserRun1_18270,Logged In Successfully,5
FCUserRun1_18260,Logged In Successfully,5
FCUserRun1_18244,Logged In Successfully,5
FCUserRun1_18274,Logged In Successfully,5
FCUserRun1_18283,Logged In Successfully,5
FCUserRun1_18252,Logged In Successfully,5
FCUserRun1_18264,Logged In Successfully,5
FCUserRun1_18286,Logged In Successfully,5
FCUserRun1_18254,Logged In Successfully,5
FCUserRun1_18280,Logged In Successfully,5
FCUserRun1_18279,Logged In Successfully,5
FCUserRun1_18305,Logged In Successfully,5
FCUserRun1_18321,Logged In Successfully,5
FCUserRun1_18311,Logged In Successfully,5
FCUserRun1_18307,Logged In Successfully,5
FCUserRun1_18313,Logged In Successfully,5
FCUserRun1_18277,Logged In Successfully,5
FCUserRun1_18318,Logged In Successfully,5
FCUserRun1_18300,Logged In Successfully,5
FCUserRun1_18328,Logged In Successfully,5
FCUserRun1_18332,Logged In Successfully,5
FCUserRun1_18320,Logged In Successfully,5
FCUserRun1_18341,Logged In Successfully,5
FCUserRun1_18357,Logged In Successfully,5
FCUserRun1_18356,Logged In Successfully,5
FCUserRun1_18359,Logged In Successfully,5
FCUserRun1_18362,Logged In Successfully,5
FCUserRun1_18306,Logged In Successfully,5
FCUserRun1_18309,Logged In Successfully,5
FCUserRun1_18370,Logged In Successfully,5
FCUserRun1_18366,Logged In Successfully,5
FCUserRun1_18373,Logged In Successfully,5
FCUserRun1_18364,Logged In Successfully,5
FCUserRun1_18322,Logged In Successfully,5
FCUserRun1_18355,Logged In Successfully,5
FCUserRun1_18333,Logged In Successfully,5
FCUserRun1_18379,Logged In Successfully,5
FCUserRun1_18395,Logged In Successfully,5
FCUserRun1_18399,Logged In Successfully,5
FCUserRun1_18390,Logged In Successfully,5
FCUserRun1_18392,Logged In Successfully,5
FCUserRun1_18403,Logged In Successfully,5
FCUserRun1_18361,Logged In Successfully,5
FCUserRun1_18404,Logged In Successfully,5
FCUserRun1_18413,Logged In Successfully,5
FCUserRun1_18409,Logged In Successfully,5
FCUserRun1_18408,Logged In Successfully,5
FCUserRun1_18421,Logged In Successfully,5
FCUserRun1_18420,Logged In Successfully,5
FCUserRun1_18410,Logged In Successfully,5
FCUserRun1_18424,Logged In Successfully,5
FCUserRun1_18419,Logged In Successfully,5
FCUserRun1_18440,Logged In Successfully,5
FCUserRun1_18445,Logged In Successfully,5
FCUserRun1_18438,Logged In Successfully,5
FCUserRun1_18449,Logged In Successfully,5
FCUserRun1_18454,Logged In Successfully,5
FCUserRun1_18455,Logged In Successfully,5
FCUserRun1_18436,Logged In Successfully,5
FCUserRun1_18451,Logged In Successfully,5
FCUserRun1_18456,Logged In Successfully,5
FCUserRun1_18439,Logged In Successfully,5
FCUserRun1_18461,Logged In Successfully,5
FCUserRun1_18465,Logged In Successfully,5
FCUserRun1_18467,Logged In Successfully,5
FCUserRun1_18430,Logged In Successfully,5
FCUserRun1_18476,Logged In Successfully,5
FCUserRun1_18478,Logged In Successfully,5
FCUserRun1_18459,Logged In Successfully,5
FCUserRun1_18489,Logged In Successfully,5
FCUserRun1_18463,Logged In Successfully,5
FCUserRun1_18495,Logged In Successfully,5
FCUserRun1_18474,Logged In Successfully,5
FCUserRun1_18504,Logged In Successfully,5
FCUserRun1_18493,Logged In Successfully,5
FCUserRun1_18496,Logged In Successfully,5
FCUserRun1_18502,Logged In Successfully,5
FCUserRun1_18507,Logged In Successfully,5
FCUserRun1_18485,Logged In Successfully,5
FCUserRun1_18529,Logged In Successfully,5
FCUserRun1_18508,Logged In Successfully,5
FCUserRun1_18538,Logged In Successfully,5
FCUserRun1_18511,Logged In Successfully,5
FCUserRun1_18510,Logged In Successfully,5
FCUserRun1_18524,Logged In Successfully,5
FCUserRun1_18534,Logged In Successfully,5
FCUserRun1_18528,Logged In Successfully,5
FCUserRun1_18546,Logged In Successfully,5
FCUserRun1_18514,Logged In Successfully,5
FCUserRun1_18521,Logged In Successfully,5
FCUserRun1_18553,Logged In Successfully,5
FCUserRun1_18549,Logged In Successfully,5
FCUserRun1_18580,Invalid Credentials,NOT_FOUND(availablePts)
FCUserRun1_18567,Logged In Successfully,5
FCUserRun1_18564,Logged In Successfully,5
FCUserRun1_18542,Logged In Successfully,5
FCUserRun1_18565,Logged In Successfully,5
FCUserRun1_18583,Logged In Successfully,5
FCUserRun1_18572,Logged In Successfully,5
FCUserRun1_18556,Logged In Successfully,5
FCUserRun1_18582,Logged In Successfully,5
FCUserRun1_18574,Logged In Successfully,5
FCUserRun1_18591,Logged In Successfully,5
FCUserRun1_18577,Logged In Successfully,5
FCUserRun1_18570,Logged In Successfully,5
FCUserRun1_18610,Logged In Successfully,5
FCUserRun1_18587,Logged In Successfully,5
FCUserRun1_18608,Logged In Successfully,5
FCUserRun1_18619,Logged In Successfully,5
FCUserRun1_18597,Logged In Successfully,5
FCUserRun1_18586,Logged In Successfully,5
FCUserRun1_18622,Logged In Successfully,5
FCUserRun1_18620,Logged In Successfully,5
FCUserRun1_18618,Logged In Successfully,5
FCUserRun1_18616,Logged In Successfully,5
FCUserRun1_18621,Logged In Successfully,5
FCUserRun1_18612,Logged In Successfully,5
FCUserRun1_18631,Logged In Successfully,5
FCUserRun1_18635,Logged In Successfully,5
FCUserRun1_18645,Logged In Successfully,5
FCUserRun1_18650,Logged In Successfully,5
FCUserRun1_18654,Logged In Successfully,5
FCUserRun1_18637,Logged In Successfully,5
FCUserRun1_18662,Logged In Successfully,5
FCUserRun1_18665,Logged In Successfully,5
FCUserRun1_18659,Logged In Successfully,5
FCUserRun1_18672,Logged In Successfully,5
FCUserRun1_18668,Logged In Successfully,5
FCUserRun1_18674,Logged In Successfully,5
FCUserRun1_18653,Logged In Successfully,5
FCUserRun1_18671,Logged In Successfully,5
FCUserRun1_18656,Logged In Successfully,5
FCUserRun1_18680,Logged In Successfully,5
FCUserRun1_18686,Logged In Successfully,5
FCUserRun1_18677,Logged In Successfully,5
FCUserRun1_18694,Logged In Successfully,5
FCUserRun1_18660,Logged In Successfully,5
FCUserRun1_18706,Logged In Successfully,5
FCUserRun1_18707,Logged In Successfully,5
FCUserRun1_18693,Logged In Successfully,5
FCUserRun1_18713,Logged In Successfully,5
FCUserRun1_18716,Logged In Successfully,5
FCUserRun1_18708,Logged In Successfully,5
FCUserRun1_18717,Logged In Successfully,5
FCUserRun1_18724,Logged In Successfully,5
FCUserRun1_18719,Logged In Successfully,5
FCUserRun1_18715,Logged In Successfully,5
FCUserRun1_18718,Logged In Successfully,5
FCUserRun1_18738,Logged In Successfully,5
FCUserRun1_18739,Logged In Successfully,5
FCUserRun1_18723,Logged In Successfully,5
FCUserRun1_18729,Logged In Successfully,5
FCUserRun1_18727,Logged In Successfully,5
FCUserRun1_18756,Logged In Successfully,5
FCUserRun1_18758,Logged In Successfully,5
FCUserRun1_18769,Logged In Successfully,5
FCUserRun1_18753,Logged In Successfully,5
FCUserRun1_18778,Logged In Successfully,5
FCUserRun1_18766,Logged In Successfully,5
FCUserRun1_18757,Logged In Successfully,5
FCUserRun1_18787,Logged In Successfully,5
FCUserRun1_18775,Logged In Successfully,5
FCUserRun1_18813,Invalid Credentials,NOT_FOUND(availablePts)
FCUserRun1_18788,Logged In Successfully,5
FCUserRun1_18801,Logged In Successfully,5
FCUserRun1_18765,Logged In Successfully,5
FCUserRun1_18767,Logged In Successfully,5
FCUserRun1_18783,Logged In Successfully,5
FCUserRun1_18772,Logged In Successfully,5
FCUserRun1_18822,Logged In Successfully,5
FCUserRun1_18799,Logged In Successfully,5
FCUserRun1_18771,Logged In Successfully,5
FCUserRun1_18800,Logged In Successfully,5
FCUserRun1_18848,Logged In Successfully,5
FCUserRun1_18817,Logged In Successfully,5
FCUserRun1_18829,Logged In Successfully,5
FCUserRun1_18855,Logged In Successfully,5
FCUserRun1_18854,Logged In Successfully,5
FCUserRun1_18884,Invalid Credentials,NOT_FOUND(availablePts)
FCUserRun1_18865,Logged In Successfully,5
FCUserRun1_18819,Logged In Successfully,5
FCUserRun1_18840,Logged In Successfully,5
FCUserRun1_18858,Logged In Successfully,5
FCUserRun1_18833,Logged In Successfully,5
FCUserRun1_18821,Logged In Successfully,5
FCUserRun1_18856,Logged In Successfully,5
FCUserRun1_18867,Logged In Successfully,5
FCUserRun1_18871,Logged In Successfully,5
FCUserRun1_18837,Logged In Successfully,5
FCUserRun1_18901,Logged In Successfully,5
FCUserRun1_18899,Logged In Successfully,5
FCUserRun1_18892,Logged In Successfully,5
FCUserRun1_18902,Logged In Successfully,5
FCUserRun1_18907,Logged In Successfully,5
FCUserRun1_18881,Logged In Successfully,5
FCUserRun1_18919,Logged In Successfully,5
FCUserRun1_18905,Logged In Successfully,5
FCUserRun1_18927,Logged In Successfully,5
FCUserRun1_18903,Logged In Successfully,5
FCUserRun1_18912,Logged In Successfully,5
FCUserRun1_18894,Logged In Successfully,5
FCUserRun1_18940,Logged In Successfully,5
FCUserRun1_18941,Logged In Successfully,5
FCUserRun1_18943,Logged In Successfully,5
FCUserRun1_18936,Logged In Successfully,5
FCUserRun1_18947,Logged In Successfully,5
FCUserRun1_18908,Logged In Successfully,5
FCUserRun1_18948,Logged In Successfully,5
FCUserRun1_18942,Logged In Successfully,5
FCUserRun1_18962,Logged In Successfully,5
FCUserRun1_18975,Logged In Successfully,5
FCUserRun1_18970,Logged In Successfully,5
FCUserRun1_18987,Logged In Successfully,5
FCUserRun1_18952,Logged In Successfully,5
FCUserRun1_18979,Logged In Successfully,5
FCUserRun1_18968,Logged In Successfully,5
FCUserRun1_18960,Logged In Successfully,5
FCUserRun1_18895,Logged In Successfully,5
FCUserRun1_18983,Logged In Successfully,5
FCUserRun1_18989,Logged In Successfully,5
FCUserRun1_18959,Logged In Successfully,5
FCUserRun1_18977,Logged In Successfully,5
FCUserRun1_19001,Logged In Successfully,5
FCUserRun1_18995,Logged In Successfully,5
FCUserRun1_19003,Logged In Successfully,5
FCUserRun1_19018,Logged In Successfully,5
FCUserRun1_19009,Logged In Successfully,5
FCUserRun1_19011,Logged In Successfully,5
FCUserRun1_19034,Logged In Successfully,5
FCUserRun1_19029,Logged In Successfully,5
FCUserRun1_19021,Logged In Successfully,5
FCUserRun1_18992,Logged In Successfully,5
FCUserRun1_19017,Logged In Successfully,5
FCUserRun1_19013,Logged In Successfully,5
FCUserRun1_19042,Logged In Successfully,5
FCUserRun1_19012,Logged In Successfully,5
FCUserRun1_19025,Logged In Successfully,5
FCUserRun1_19043,Logged In Successfully,5
FCUserRun1_19037,Logged In Successfully,5
FCUserRun1_19067,Logged In Successfully,5
FCUserRun1_19073,Logged In Successfully,5
FCUserRun1_19061,Logged In Successfully,5
FCUserRun1_19040,Logged In Successfully,5
FCUserRun1_19082,Logged In Successfully,5
FCUserRun1_19054,Logged In Successfully,5
FCUserRun1_19069,Logged In Successfully,5
FCUserRun1_19085,Logged In Successfully,5
FCUserRun1_19070,Logged In Successfully,5
FCUserRun1_19095,Logged In Successfully,5
FCUserRun1_19110,Logged In Successfully,5
FCUserRun1_19056,Logged In Successfully,5
FCUserRun1_19075,Logged In Successfully,5
FCUserRun1_19071,Logged In Successfully,5
FCUserRun1_19096,Logged In Successfully,5
FCUserRun1_19123,Logged In Successfully,5
FCUserRun1_19135,Logged In Successfully,5
FCUserRun1_19137,Logged In Successfully,5
FCUserRun1_19127,Logged In Successfully,5
FCUserRun1_19126,Logged In Successfully,5
FCUserRun1_19101,Logged In Successfully,5
FCUserRun1_19114,Logged In Successfully,5
FCUserRun1_19141,Logged In Successfully,5
FCUserRun1_19119,Logged In Successfully,5
FCUserRun1_19140,Logged In Successfully,5
FCUserRun1_19121,Logged In Successfully,5
FCUserRun1_19176,Invalid Credentials,NOT_FOUND(availablePts)
FCUserRun1_19148,Logged In Successfully,5
FCUserRun1_19145,Logged In Successfully,5
FCUserRun1_19104,Logged In Successfully,5
FCUserRun1_19166,Logged In Successfully,5
FCUserRun1_19168,Logged In Successfully,5
FCUserRun1_19163,Logged In Successfully,5
FCUserRun1_19178,Logged In Successfully,5
FCUserRun1_19181,Logged In Successfully,5
FCUserRun1_19160,Logged In Successfully,5
FCUserRun1_19189,Logged In Successfully,5
FCUserRun1_19197,Logged In Successfully,5
FCUserRun1_19159,Logged In Successfully,5
FCUserRun1_19219,Invalid Credentials,NOT_FOUND(availablePts)
FCUserRun1_19210,Logged In Successfully,5
FCUserRun1_19170,Logged In Successfully,5
FCUserRun1_19185,Logged In Successfully,5
FCUserRun1_19175,Logged In Successfully,5
FCUserRun1_19190,Logged In Successfully,5
FCUserRun1_19179,Logged In Successfully,5
FCUserRun1_19209,Logged In Successfully,5
FCUserRun1_19212,Logged In Successfully,5
FCUserRun1_19221,Logged In Successfully,5
FCUserRun1_19227,Logged In Successfully,5
FCUserRun1_19195,Logged In Successfully,5
FCUserRun1_19239,Logged In Successfully,5
FCUserRun1_19203,Logged In Successfully,5
FCUserRun1_19240,Logged In Successfully,5
FCUserRun1_19237,Logged In Successfully,5
FCUserRun1_19251,Logged In Successfully,5
FCUserRun1_19248,Logged In Successfully,5
FCUserRun1_19256,Logged In Successfully,5
FCUserRun1_19264,Logged In Successfully,5
FCUserRun1_19258,Logged In Successfully,5
FCUserRun1_19259,Logged In Successfully,5
FCUserRun1_19247,Logged In Successfully,5
FCUserRun1_19278,Logged In Successfully,5
FCUserRun1_19250,Logged In Successfully,5
FCUserRun1_19284,Logged In Successfully,5
FCUserRun1_19263,Logged In Successfully,5
FCUserRun1_19288,Logged In Successfully,5
FCUserRun1_19272,Logged In Successfully,5
FCUserRun1_19268,Logged In Successfully,5
FCUserRun1_19298,Logged In Successfully,5
FCUserRun1_19282,Logged In Successfully,5
FCUserRun1_19296,Logged In Successfully,5
FCUserRun1_19294,Logged In Successfully,5
FCUserRun1_19276,Logged In Successfully,5
FCUserRun1_19321,Logged In Successfully,5
FCUserRun1_19324,Logged In Successfully,5
FCUserRun1_19326,Logged In Successfully,5
FCUserRun1_19331,Logged In Successfully,5
FCUserRun1_19329,Logged In Successfully,5
FCUserRun1_19301,Logged In Successfully,5
FCUserRun1_19310,Logged In Successfully,5
FCUserRun1_19286,Logged In Successfully,5
FCUserRun1_19336,Logged In Successfully,5
FCUserRun1_19347,Logged In Successfully,5
FCUserRun1_19344,Logged In Successfully,5
FCUserRun1_19353,Logged In Successfully,5
FCUserRun1_19359,Logged In Successfully,5
FCUserRun1_19335,Logged In Successfully,5
FCUserRun1_19366,Logged In Successfully,5
FCUserRun1_19320,Logged In Successfully,5
FCUserRun1_19363,Logged In Successfully,5
FCUserRun1_19364,Logged In Successfully,5
FCUserRun1_19341,Logged In Successfully,5
FCUserRun1_19354,Logged In Successfully,5
FCUserRun1_19372,Logged In Successfully,5
FCUserRun1_19387,Logged In Successfully,5
FCUserRun1_19391,Logged In Successfully,5
FCUserRun1_19406,Logged In Successfully,5
FCUserRun1_19368,Logged In Successfully,5
FCUserRun1_19388,Logged In Successfully,5
FCUserRun1_19404,Logged In Successfully,5
FCUserRun1_19399,Logged In Successfully,5
FCUserRun1_19351,Logged In Successfully,5
FCUserRun1_19403,Logged In Successfully,5
FCUserRun1_19398,Logged In Successfully,5
FCUserRun1_19410,Logged In Successfully,5
FCUserRun1_19415,Logged In Successfully,5
FCUserRun1_19396,Logged In Successfully,5
FCUserRun1_19417,Logged In Successfully,5
FCUserRun1_19426,Logged In Successfully,5
FCUserRun1_19405,Logged In Successfully,5
FCUserRun1_19438,Logged In Successfully,5
FCUserRun1_19442,Logged In Successfully,5
FCUserRun1_19447,Logged In Successfully,5
FCUserRun1_19440,Logged In Successfully,5
FCUserRun1_19451,Logged In Successfully,5
FCUserRun1_19455,Logged In Successfully,5
FCUserRun1_19457,Logged In Successfully,5
FCUserRun1_19460,Logged In Successfully,5
FCUserRun1_19429,Logged In Successfully,5
FCUserRun1_19468,Logged In Successfully,5
FCUserRun1_19470,Logged In Successfully,5
FCUserRun1_19444,Logged In Successfully,5
FCUserRun1_19464,Logged In Successfully,5
FCUserRun1_19477,Logged In Successfully,5
FCUserRun1_19446,Logged In Successfully,5
FCUserRun1_19479,Logged In Successfully,5
FCUserRun1_19473,Logged In Successfully,5
FCUserRun1_19486,Logged In Successfully,5
FCUserRun1_19515,Invalid Credentials,NOT_FOUND(availablePts)
FCUserRun1_19490,Logged In Successfully,5
FCUserRun1_19506,Logged In Successfully,5
FCUserRun1_19497,Logged In Successfully,5
FCUserRun1_19508,Logged In Successfully,5
FCUserRun1_19504,Logged In Successfully,5
FCUserRun1_19489,Logged In Successfully,5
FCUserRun1_19514,Logged In Successfully,5
FCUserRun1_19501,Logged In Successfully,5
FCUserRun1_19521,Logged In Successfully,5
FCUserRun1_19518,Logged In Successfully,5
FCUserRun1_19522,Logged In Successfully,5
FCUserRun1_19517,Logged In Successfully,5
FCUserRun1_19530,Logged In Successfully,5
FCUserRun1_19526,Logged In Successfully,5
FCUserRun1_19531,Logged In Successfully,5
FCUserRun1_19519,Logged In Successfully,5
FCUserRun1_19544,Logged In Successfully,5
FCUserRun1_19558,Logged In Successfully,5
FCUserRun1_19543,Logged In Successfully,5
FCUserRun1_19562,Logged In Successfully,5
FCUserRun1_19567,Logged In Successfully,5
FCUserRun1_19560,Logged In Successfully,5
FCUserRun1_19545,Logged In Successfully,5
FCUserRun1_19550,Logged In Successfully,5
FCUserRun1_19555,Logged In Successfully,5
FCUserRun1_19572,Logged In Successfully,5
FCUserRun1_19577,Logged In Successfully,5
FCUserRun1_19556,Logged In Successfully,5
FCUserRun1_19584,Logged In Successfully,5
FCUserRun1_19579,Logged In Successfully,5
FCUserRun1_19581,Logged In Successfully,5
FCUserRun1_19598,Logged In Successfully,5
FCUserRun1_19573,Logged In Successfully,5
FCUserRun1_19594,Logged In Successfully,5
FCUserRun1_19596,Logged In Successfully,5
FCUserRun1_19593,Logged In Successfully,5
FCUserRun1_19623,Logged In Successfully,5
FCUserRun1_19612,Logged In Successfully,5
FCUserRun1_19600,Logged In Successfully,5
FCUserRun1_19603,Logged In Successfully,5
FCUserRun1_19630,Logged In Successfully,5
FCUserRun1_19643,Logged In Successfully,5
FCUserRun1_19605,Logged In Successfully,5
FCUserRun1_19610,Logged In Successfully,5
FCUserRun1_19646,Logged In Successfully,5
FCUserRun1_19620,Logged In Successfully,5
FCUserRun1_19649,Logged In Successfully,5
FCUserRun1_19632,Logged In Successfully,5
FCUserRun1_19639,Logged In Successfully,5
FCUserRun1_19657,Logged In Successfully,5
FCUserRun1_19645,Logged In Successfully,5
FCUserRun1_19664,Logged In Successfully,5
FCUserRun1_19677,Logged In Successfully,5
FCUserRun1_19681,Logged In Successfully,5
FCUserRun1_19684,Logged In Successfully,5
FCUserRun1_19673,Logged In Successfully,5
FCUserRun1_19713,Invalid Credentials,NOT_FOUND(availablePts)
FCUserRun1_19688,Logged In Successfully,5
FCUserRun1_19678,Logged In Successfully,5
FCUserRun1_19689,Logged In Successfully,5
FCUserRun1_19666,Logged In Successfully,5
FCUserRun1_19672,Logged In Successfully,5
FCUserRun1_19711,Logged In Successfully,5
FCUserRun1_19718,Logged In Successfully,5
FCUserRun1_19642,Logged In Successfully,5
FCUserRun1_19709,Logged In Successfully,5
FCUserRun1_19706,Logged In Successfully,5
FCUserRun1_19723,Logged In Successfully,5
FCUserRun1_19724,Logged In Successfully,5
FCUserRun1_19732,Logged In Successfully,5
FCUserRun1_19736,Logged In Successfully,5
FCUserRun1_19701,Logged In Successfully,5
FCUserRun1_19737,Logged In Successfully,5
FCUserRun1_19708,Logged In Successfully,5
FCUserRun1_19749,Logged In Successfully,5
FCUserRun1_19691,Logged In Successfully,5
FCUserRun1_19757,Logged In Successfully,5
FCUserRun1_19762,Logged In Successfully,5
FCUserRun1_19772,Logged In Successfully,5
FCUserRun1_19744,Logged In Successfully,5
FCUserRun1_19773,Logged In Successfully,5
FCUserRun1_19761,Logged In Successfully,5
FCUserRun1_19777,Logged In Successfully,5
FCUserRun1_19764,Logged In Successfully,5
FCUserRun1_19781,Logged In Successfully,5
FCUserRun1_19778,Logged In Successfully,5
FCUserRun1_19769,Logged In Successfully,5
FCUserRun1_19793,Logged In Successfully,5
FCUserRun1_19754,Logged In Successfully,5
FCUserRun1_19796,Logged In Successfully,5
FCUserRun1_19813,Logged In Successfully,5
FCUserRun1_19752,Logged In Successfully,5
FCUserRun1_19809,Logged In Successfully,5
FCUserRun1_19815,Logged In Successfully,5
FCUserRun1_19820,Logged In Successfully,5
FCUserRun1_19822,Logged In Successfully,5
FCUserRun1_19799,Logged In Successfully,5
FCUserRun1_19818,Logged In Successfully,5
FCUserRun1_19817,Logged In Successfully,5
FCUserRun1_19806,Logged In Successfully,5
FCUserRun1_19829,Logged In Successfully,5
FCUserRun1_19845,Logged In Successfully,5
FCUserRun1_19812,Logged In Successfully,5
FCUserRun1_19830,Logged In Successfully,5
FCUserRun1_19855,Logged In Successfully,5
FCUserRun1_19800,Logged In Successfully,5
FCUserRun1_19848,Logged In Successfully,5
FCUserRun1_19850,Logged In Successfully,5
FCUserRun1_19859,Logged In Successfully,5
FCUserRun1_19860,Logged In Successfully,5
FCUserRun1_19854,Logged In Successfully,5
FCUserRun1_19872,Logged In Successfully,5
FCUserRun1_19863,Logged In Successfully,5
FCUserRun1_19879,Logged In Successfully,5
FCUserRun1_19865,Logged In Successfully,5
FCUserRun1_19867,Logged In Successfully,5
FCUserRun1_19864,Logged In Successfully,5
FCUserRun1_19884,Logged In Successfully,5
FCUserRun1_19891,Logged In Successfully,5
FCUserRun1_19899,Logged In Successfully,5
FCUserRun1_19903,Logged In Successfully,5
FCUserRun1_19889,Logged In Successfully,5
FCUserRun1_19912,Logged In Successfully,5
FCUserRun1_19907,Logged In Successfully,5
FCUserRun1_19916,Logged In Successfully,5
FCUserRun1_19893,Logged In Successfully,5
FCUserRun1_19923,Logged In Successfully,5
FCUserRun1_19921,Logged In Successfully,5
FCUserRun1_19920,Logged In Successfully,5
FCUserRun1_19885,Logged In Successfully,5
FCUserRun1_19919,Logged In Successfully,5
FCUserRun1_19898,Logged In Successfully,5
FCUserRun1_19932,Logged In Successfully,5
FCUserRun1_19945,Logged In Successfully,5
FCUserRun1_19940,Logged In Successfully,5
FCUserRun1_19958,Logged In Successfully,5
FCUserRun1_19951,Logged In Successfully,5
FCUserRun1_19960,Logged In Successfully,5
FCUserRun1_19964,Logged In Successfully,5
FCUserRun1_19966,Logged In Successfully,5
FCUserRun1_19970,Logged In Successfully,5
FCUserRun1_19968,Logged In Successfully,5
FCUserRun1_19949,Logged In Successfully,5
FCUserRun1_19941,Logged In Successfully,5
FCUserRun1_19933,Logged In Successfully,5
FCUserRun1_19979,Logged In Successfully,5
FCUserRun1_19957,Logged In Successfully,5
FCUserRun1_19984,Logged In Successfully,5
FCUserRun1_19999,Logged In Successfully,5
FCUserRun1_19987,Logged In Successfully,5
FCUserRun1_19997,Logged In Successfully,5
FCUserRun1_19993,Logged In Successfully,5
