{
  "/api/user/openBet" : {
    "transaction" : "/api/user/openBet",
    "sampleCount" : 7178,
    "errorCount" : 706,
    "errorPct" : 9.8356085,
    "meanResTime" : 81.42867093898043,
    "medianResTime" : 69.0,
    "minResTime" : 8.0,
    "maxResTime" : 903.0,
    "pct1ResTime" : 105.0,
    "pct2ResTime" : 148.0,
    "pct3ResTime" : 382.6300000000001,
    "throughput" : 24.484338278182744,
    "receivedKBytesPerSec" : 55.05601729347096,
    "sentKBytesPerSec" : 25.72768358137171
  },
  "/api/user/withdraw-GET" : {
    "transaction" : "/api/user/withdraw-GET",
    "sampleCount" : 6968,
    "errorCount" : 37,
    "errorPct" : 0.5309988,
    "meanResTime" : 19.472588978186003,
    "medianResTime" : 16.0,
    "minResTime" : 8.0,
    "maxResTime" : 183.0,
    "pct1ResTime" : 24.0,
    "pct2ResTime" : 34.0,
    "pct3ResTime" : 89.30999999999949,
    "throughput" : 24.107723605364036,
    "receivedKBytesPerSec" : 36.332435530305915,
    "sentKBytesPerSec" : 15.067327253352524
  },
  "/api/user/deposit-POST" : {
    "transaction" : "/api/user/deposit-POST",
    "sampleCount" : 502,
    "errorCount" : 1,
    "errorPct" : 0.1992032,
    "meanResTime" : 78.55776892430275,
    "medianResTime" : 73.0,
    "minResTime" : 10.0,
    "maxResTime" : 404.0,
    "pct1ResTime" : 97.69999999999999,
    "pct2ResTime" : 125.5499999999999,
    "pct3ResTime" : 189.84999999999985,
    "throughput" : 1.7037047092841726,
    "receivedKBytesPerSec" : 2.432583607102616,
    "sentKBytesPerSec" : 2.248183079106879
  },
  "/api/common/home" : {
    "transaction" : "/api/common/home",
    "sampleCount" : 6919,
    "errorCount" : 0,
    "errorPct" : 0.0,
    "meanResTime" : 24.0687960687961,
    "medianResTime" : 17.0,
    "minResTime" : 12.0,
    "maxResTime" : 750.0,
    "pct1ResTime" : 34.0,
    "pct2ResTime" : 47.0,
    "pct3ResTime" : 137.80000000000018,
    "throughput" : 24.043339866283027,
    "receivedKBytesPerSec" : 5837.0485446431985,
    "sentKBytesPerSec" : 8.429256847651962
  },
  "/api/common/game/market/group" : {
    "transaction" : "/api/common/game/market/group",
    "sampleCount" : 6865,
    "errorCount" : 0,
    "errorPct" : 0.0,
    "meanResTime" : 14.702112163146412,
    "medianResTime" : 10.0,
    "minResTime" : 7.0,
    "maxResTime" : 573.0,
    "pct1ResTime" : 15.0,
    "pct2ResTime" : 19.0,
    "pct3ResTime" : 156.7400000000016,
    "throughput" : 23.94823135421754,
    "receivedKBytesPerSec" : 1267.8281694232714,
    "sentKBytesPerSec" : 8.69994342164934
  },
  "Total" : {
    "transaction" : "Total",
    "sampleCount" : 73292,
    "errorCount" : 837,
    "errorPct" : 1.1420074,
    "meanResTime" : 23.718236642471346,
    "medianResTime" : 16.0,
    "minResTime" : 0.0,
    "maxResTime" : 2434.0,
    "pct1ResTime" : 74.0,
    "pct2ResTime" : 89.0,
    "pct3ResTime" : 119.0,
    "throughput" : 81.51806995747918,
    "receivedKBytesPerSec" : 2439.810348568801,
    "sentKBytesPerSec" : 41.94190331129621
  },
  "Login User/api/auth-3" : {
    "transaction" : "Login User/api/auth-3",
    "sampleCount" : 1500,
    "errorCount" : 0,
    "errorPct" : 0.0,
    "meanResTime" : 99.5119999999999,
    "medianResTime" : 90.0,
    "minResTime" : 83.0,
    "maxResTime" : 2434.0,
    "pct1ResTime" : 110.90000000000009,
    "pct2ResTime" : 135.95000000000005,
    "pct3ResTime" : 219.99,
    "throughput" : 1.6683554130903615,
    "receivedKBytesPerSec" : 3.4883085041497557,
    "sentKBytesPerSec" : 0.8329753175853558
  },
  "/api/user/account-0" : {
    "transaction" : "/api/user/account-0",
    "sampleCount" : 14390,
    "errorCount" : 0,
    "errorPct" : 0.0,
    "meanResTime" : 0.3311327310632382,
    "medianResTime" : 0.0,
    "minResTime" : 0.0,
    "maxResTime" : 70.0,
    "pct1ResTime" : 1.0,
    "pct2ResTime" : 1.0,
    "pct3ResTime" : 2.0,
    "throughput" : 48.64559704948734,
    "receivedKBytesPerSec" : 137.96000278786767,
    "sentKBytesPerSec" : 0.0
  },
  "/api/user/transaction?trxType=deposit" : {
    "transaction" : "/api/user/transaction?trxType=deposit",
    "sampleCount" : 7069,
    "errorCount" : 23,
    "errorPct" : 0.32536426,
    "meanResTime" : 20.323808176545473,
    "medianResTime" : 17.0,
    "minResTime" : 7.0,
    "maxResTime" : 252.0,
    "pct1ResTime" : 25.0,
    "pct2ResTime" : 36.0,
    "pct3ResTime" : 92.0,
    "throughput" : 24.274995278240414,
    "receivedKBytesPerSec" : 27.081326809077797,
    "sentKBytesPerSec" : 14.697751047372128
  },
  "/api/user/withdraw-POST" : {
    "transaction" : "/api/user/withdraw-POST",
    "sampleCount" : 501,
    "errorCount" : 1,
    "errorPct" : 0.1996008,
    "meanResTime" : 70.05588822355296,
    "medianResTime" : 59.0,
    "minResTime" : 11.0,
    "maxResTime" : 558.0,
    "pct1ResTime" : 88.40000000000003,
    "pct2ResTime" : 128.39999999999986,
    "pct3ResTime" : 353.82000000000016,
    "throughput" : 1.701656482767756,
    "receivedKBytesPerSec" : 2.25401885259613,
    "sentKBytesPerSec" : 1.5953029525947715
  },
  "/api/user/deposit-GET" : {
    "transaction" : "/api/user/deposit-GET",
    "sampleCount" : 7010,
    "errorCount" : 23,
    "errorPct" : 0.3281027,
    "meanResTime" : 19.819258202567777,
    "medianResTime" : 16.0,
    "minResTime" : 8.0,
    "maxResTime" : 207.0,
    "pct1ResTime" : 26.0,
    "pct2ResTime" : 36.0,
    "pct3ResTime" : 89.89000000000033,
    "throughput" : 24.16549746107149,
    "receivedKBytesPerSec" : 39.11943750258546,
    "sentKBytesPerSec" : 15.07983679455535
  },
  "/api/user/account" : {
    "transaction" : "/api/user/account",
    "sampleCount" : 14390,
    "errorCount" : 46,
    "errorPct" : 0.31966645,
    "meanResTime" : 16.646699096594975,
    "medianResTime" : 14.0,
    "minResTime" : 7.0,
    "maxResTime" : 502.0,
    "pct1ResTime" : 21.0,
    "pct2ResTime" : 29.0,
    "pct3ResTime" : 78.0,
    "throughput" : 48.573839662447256,
    "receivedKBytesPerSec" : 199.9282535601266,
    "sentKBytesPerSec" : 34.95988264767932
  }
}