{
  "Total" : {
    "transaction" : "Total",
    "sampleCount" : 208,
    "errorCount" : 0,
    "errorPct" : 0.0,
    "meanResTime" : 95.83653846153845,
    "medianResTime" : 84.0,
    "minResTime" : 78.0,
    "maxResTime" : 628.0,
    "pct1ResTime" : 126.0,
    "pct2ResTime" : 136.64999999999995,
    "pct3ResTime" : 279.90999999999997,
    "throughput" : 4.175868299538245,
    "receivedKBytesPerSec" : 8.693954997741416,
    "sentKBytesPerSec" : 1.979788822525597
  },
  "Login User/api/auth-3" : {
    "transaction" : "Login User/api/auth-3",
    "sampleCount" : 208,
    "errorCount" : 0,
    "errorPct" : 0.0,
    "meanResTime" : 95.83653846153845,
    "medianResTime" : 84.0,
    "minResTime" : 78.0,
    "maxResTime" : 628.0,
    "pct1ResTime" : 126.0,
    "pct2ResTime" : 136.64999999999995,
    "pct3ResTime" : 279.90999999999997,
    "throughput" : 4.175868299538245,
    "receivedKBytesPerSec" : 8.693954997741416,
    "sentKBytesPerSec" : 1.979788822525597
  }
}