{
  "/api/user/openBet" : {
    "transaction" : "/api/user/openBet",
    "sampleCount" : 1435,
    "errorCount" : 8,
    "errorPct" : 0.5574913,
    "meanResTime" : 83.90522648083616,
    "medianResTime" : 64.0,
    "minResTime" : 35.0,
    "maxResTime" : 668.0,
    "pct1ResTime" : 106.0,
    "pct2ResTime" : 221.60000000000014,
    "pct3ResTime" : 446.2800000000002,
    "throughput" : 4.9650199638781825,
    "receivedKBytesPerSec" : 12.164890210563556,
    "sentKBytesPerSec" : 5.886263902488392
  },
  "/api/user/account" : {
    "transaction" : "/api/user/account",
    "sampleCount" : 1486,
    "errorCount" : 0,
    "errorPct" : 0.0,
    "meanResTime" : 17.490578734858733,
    "medianResTime" : 16.0,
    "minResTime" : 10.0,
    "maxResTime" : 90.0,
    "pct1ResTime" : 23.0,
    "pct2ResTime" : 27.0,
    "pct3ResTime" : 47.12999999999988,
    "throughput" : 5.015813652059149,
    "receivedKBytesPerSec" : 6.434547545171014,
    "sentKBytesPerSec" : 3.6100143179371034
  },
  "/api/user/withdraw-GET" : {
    "transaction" : "/api/user/withdraw-GET",
    "sampleCount" : 1381,
    "errorCount" : 0,
    "errorPct" : 0.0,
    "meanResTime" : 15.72266473569878,
    "medianResTime" : 15.0,
    "minResTime" : 12.0,
    "maxResTime" : 87.0,
    "pct1ResTime" : 18.0,
    "pct2ResTime" : 20.0,
    "pct3ResTime" : 40.08000000000038,
    "throughput" : 4.896381783048804,
    "receivedKBytesPerSec" : 7.409202487634952,
    "sentKBytesPerSec" : 3.0602386144055025
  },
  "/api/user/deposit-POST" : {
    "transaction" : "/api/user/deposit-POST",
    "sampleCount" : 498,
    "errorCount" : 0,
    "errorPct" : 0.0,
    "meanResTime" : 20.636546184738943,
    "medianResTime" : 19.0,
    "minResTime" : 17.0,
    "maxResTime" : 108.0,
    "pct1ResTime" : 23.0,
    "pct2ResTime" : 26.0,
    "pct3ResTime" : 46.02999999999997,
    "throughput" : 1.6973241582396907,
    "receivedKBytesPerSec" : 0.638154102463165,
    "sentKBytesPerSec" : 2.235706146920788
  },
  "Open bet" : {
    "transaction" : "Open bet",
    "sampleCount" : 1435,
    "errorCount" : 8,
    "errorPct" : 0.5574913,
    "meanResTime" : 114.7365853658537,
    "medianResTime" : 87.0,
    "minResTime" : 56.0,
    "maxResTime" : 725.0,
    "pct1ResTime" : 167.0,
    "pct2ResTime" : 336.20000000000005,
    "pct3ResTime" : 496.5600000000004,
    "throughput" : 4.961741000577429,
    "receivedKBytesPerSec" : 43.414855573573796,
    "sentKBytesPerSec" : 8.746037603556893
  },
  "/api/common/home" : {
    "transaction" : "/api/common/home",
    "sampleCount" : 1365,
    "errorCount" : 0,
    "errorPct" : 0.0,
    "meanResTime" : 24.40439560439559,
    "medianResTime" : 14.0,
    "minResTime" : 11.0,
    "maxResTime" : 495.0,
    "pct1ResTime" : 20.40000000000009,
    "pct2ResTime" : 50.0,
    "pct3ResTime" : 320.6999999999996,
    "throughput" : 4.881852028025049,
    "receivedKBytesPerSec" : 744.6254747455803,
    "sentKBytesPerSec" : 1.7115086699814381
  },
  "/api/common/game/market/group" : {
    "transaction" : "/api/common/game/market/group",
    "sampleCount" : 1346,
    "errorCount" : 0,
    "errorPct" : 0.0,
    "meanResTime" : 15.527488855869256,
    "medianResTime" : 9.0,
    "minResTime" : 7.0,
    "maxResTime" : 472.0,
    "pct1ResTime" : 12.0,
    "pct2ResTime" : 17.0,
    "pct3ResTime" : 281.8299999999997,
    "throughput" : 4.846573191896933,
    "receivedKBytesPerSec" : 137.00088634047717,
    "sentKBytesPerSec" : 1.7606691673688077
  },
  "Total" : {
    "transaction" : "Total",
    "sampleCount" : 13776,
    "errorCount" : 10,
    "errorPct" : 0.07259001,
    "meanResTime" : 34.288327526132456,
    "medianResTime" : 17.0,
    "minResTime" : 7.0,
    "maxResTime" : 837.0,
    "pct1ResTime" : 87.0,
    "pct2ResTime" : 91.0,
    "pct3ResTime" : 235.45999999999913,
    "throughput" : 15.321119589479409,
    "receivedKBytesPerSec" : 300.5852295839353,
    "sentKBytesPerSec" : 10.0557087585261
  },
  "Login User/api/auth-3" : {
    "transaction" : "Login User/api/auth-3",
    "sampleCount" : 1500,
    "errorCount" : 0,
    "errorPct" : 0.0,
    "meanResTime" : 92.03799999999988,
    "medianResTime" : 88.0,
    "minResTime" : 82.0,
    "maxResTime" : 837.0,
    "pct1ResTime" : 95.0,
    "pct2ResTime" : 107.95000000000005,
    "pct3ResTime" : 173.98000000000002,
    "throughput" : 1.6682403734189253,
    "receivedKBytesPerSec" : 3.488417693816167,
    "sentKBytesPerSec" : 0.8329178806590884
  },
  "/api/user/transaction?trxType=deposit" : {
    "transaction" : "/api/user/transaction?trxType=deposit",
    "sampleCount" : 1416,
    "errorCount" : 0,
    "errorPct" : 0.0,
    "meanResTime" : 16.7683615819209,
    "medianResTime" : 15.0,
    "minResTime" : 13.0,
    "maxResTime" : 117.0,
    "pct1ResTime" : 19.0,
    "pct2ResTime" : 21.0,
    "pct3ResTime" : 53.0,
    "throughput" : 4.944582957950093,
    "receivedKBytesPerSec" : 5.528363913972637,
    "sentKBytesPerSec" : 2.9937904628213454
  },
  "/api/user/withdraw-POST" : {
    "transaction" : "/api/user/withdraw-POST",
    "sampleCount" : 498,
    "errorCount" : 2,
    "errorPct" : 0.40160644,
    "meanResTime" : 21.47991967871487,
    "medianResTime" : 19.0,
    "minResTime" : 11.0,
    "maxResTime" : 169.0,
    "pct1ResTime" : 24.0,
    "pct2ResTime" : 30.049999999999955,
    "pct3ResTime" : 88.13999999999987,
    "throughput" : 1.6997863320795419,
    "receivedKBytesPerSec" : 0.6441163297670814,
    "sentKBytesPerSec" : 1.5935496863245704
  },
  "/api/common/game/market/status" : {
    "transaction" : "/api/common/game/market/status",
    "sampleCount" : 1451,
    "errorCount" : 0,
    "errorPct" : 0.0,
    "meanResTime" : 30.786354238456227,
    "medianResTime" : 22.0,
    "minResTime" : 14.0,
    "maxResTime" : 486.0,
    "pct1ResTime" : 31.0,
    "pct2ResTime" : 43.0,
    "pct3ResTime" : 315.96000000000004,
    "throughput" : 4.984832504818213,
    "receivedKBytesPerSec" : 31.403471180256144,
    "sentKBytesPerSec" : 2.8769882913550426
  },
  "/api/user/deposit-GET" : {
    "transaction" : "/api/user/deposit-GET",
    "sampleCount" : 1400,
    "errorCount" : 0,
    "errorPct" : 0.0,
    "meanResTime" : 16.13571428571429,
    "medianResTime" : 15.0,
    "minResTime" : 12.0,
    "maxResTime" : 117.0,
    "pct1ResTime" : 18.0,
    "pct2ResTime" : 19.0,
    "pct3ResTime" : 55.0,
    "throughput" : 4.929074143837425,
    "receivedKBytesPerSec" : 7.999633592652511,
    "sentKBytesPerSec" : 3.0758577909297995
  }
}