{
  "/api/user/openBet" : {
    "transaction" : "/api/user/openBet",
    "sampleCount" : 2863,
    "errorCount" : 20,
    "errorPct" : 0.6985679,
    "meanResTime" : 104.32902549772949,
    "medianResTime" : 66.0,
    "minResTime" : 35.0,
    "maxResTime" : 3991.0,
    "pct1ResTime" : 116.59999999999991,
    "pct2ResTime" : 230.39999999999918,
    "pct3ResTime" : 810.5600000000027,
    "throughput" : 9.880318047541483,
    "receivedKBytesPerSec" : 24.035109013935287,
    "sentKBytesPerSec" : 11.713580185268906
  },
  "/api/user/withdraw-GET" : {
    "transaction" : "/api/user/withdraw-GET",
    "sampleCount" : 2757,
    "errorCount" : 8,
    "errorPct" : 0.29017046,
    "meanResTime" : 17.650344577439196,
    "medianResTime" : 15.0,
    "minResTime" : 10.0,
    "maxResTime" : 258.0,
    "pct1ResTime" : 20.0,
    "pct2ResTime" : 26.0,
    "pct3ResTime" : 77.42000000000007,
    "throughput" : 9.725725372607814,
    "receivedKBytesPerSec" : 14.710725978922301,
    "sentKBytesPerSec" : 6.078578357879883
  },
  "/api/user/deposit-POST" : {
    "transaction" : "/api/user/deposit-POST",
    "sampleCount" : 998,
    "errorCount" : 0,
    "errorPct" : 0.0,
    "meanResTime" : 57.51102204408819,
    "medianResTime" : 37.0,
    "minResTime" : 16.0,
    "maxResTime" : 3030.0,
    "pct1ResTime" : 73.0,
    "pct2ResTime" : 93.09999999999991,
    "pct3ResTime" : 321.39999999999964,
    "throughput" : 3.387690260560225,
    "receivedKBytesPerSec" : 2.950926199566525,
    "sentKBytesPerSec" : 4.464442936258469
  },
  "/api/common/home" : {
    "transaction" : "/api/common/home",
    "sampleCount" : 2729,
    "errorCount" : 6,
    "errorPct" : 0.21986075,
    "meanResTime" : 36.23854891901805,
    "medianResTime" : 13.0,
    "minResTime" : 8.0,
    "maxResTime" : 3099.0,
    "pct1ResTime" : 19.0,
    "pct2ResTime" : 42.0,
    "pct3ResTime" : 518.1999999999989,
    "throughput" : 9.71222765547038,
    "receivedKBytesPerSec" : 982.9197346854025,
    "sentKBytesPerSec" : 3.40497043780651
  },
  "/api/common/game/market/group" : {
    "transaction" : "/api/common/game/market/group",
    "sampleCount" : 2692,
    "errorCount" : 3,
    "errorPct" : 0.11144131,
    "meanResTime" : 26.972139673105573,
    "medianResTime" : 9.0,
    "minResTime" : 6.0,
    "maxResTime" : 2811.0,
    "pct1ResTime" : 12.0,
    "pct2ResTime" : 16.0,
    "pct3ResTime" : 408.3500000000008,
    "throughput" : 9.647154949363188,
    "receivedKBytesPerSec" : 164.83811626824073,
    "sentKBytesPerSec" : 3.5046305089483454
  },
  "Total" : {
    "transaction" : "Total",
    "sampleCount" : 27510,
    "errorCount" : 47,
    "errorPct" : 0.17084697,
    "meanResTime" : 44.438131588512924,
    "medianResTime" : 17.0,
    "minResTime" : 6.0,
    "maxResTime" : 3991.0,
    "pct1ResTime" : 93.0,
    "pct2ResTime" : 99.0,
    "pct3ResTime" : 382.9600000000064,
    "throughput" : 30.55254460160637,
    "receivedKBytesPerSec" : 406.91490750872373,
    "sentKBytesPerSec" : 20.054518333400893
  },
  "Login User/api/auth-3" : {
    "transaction" : "Login User/api/auth-3",
    "sampleCount" : 3000,
    "errorCount" : 0,
    "errorPct" : 0.0,
    "meanResTime" : 100.02066666666661,
    "medianResTime" : 93.0,
    "minResTime" : 83.0,
    "maxResTime" : 1270.0,
    "pct1ResTime" : 109.0,
    "pct2ResTime" : 135.0,
    "pct3ResTime" : 230.92999999999847,
    "throughput" : 3.3317933044281753,
    "receivedKBytesPerSec" : 6.977902045762736,
    "sentKBytesPerSec" : 1.66469603529091
  },
  "/api/user/transaction?trxType=deposit" : {
    "transaction" : "/api/user/transaction?trxType=deposit",
    "sampleCount" : 2814,
    "errorCount" : 0,
    "errorPct" : 0.0,
    "meanResTime" : 18.592039800995018,
    "medianResTime" : 16.0,
    "minResTime" : 12.0,
    "maxResTime" : 280.0,
    "pct1ResTime" : 21.0,
    "pct2ResTime" : 26.0,
    "pct3ResTime" : 90.54999999999973,
    "throughput" : 9.803272634795,
    "receivedKBytesPerSec" : 11.042409186256954,
    "sentKBytesPerSec" : 5.935575228098534
  },
  "/api/user/withdraw-POST" : {
    "transaction" : "/api/user/withdraw-POST",
    "sampleCount" : 998,
    "errorCount" : 6,
    "errorPct" : 0.6012024,
    "meanResTime" : 50.81863727454907,
    "medianResTime" : 35.0,
    "minResTime" : 9.0,
    "maxResTime" : 2472.0,
    "pct1ResTime" : 74.0,
    "pct2ResTime" : 106.0,
    "pct3ResTime" : 353.2399999999998,
    "throughput" : 3.3914778075693164,
    "receivedKBytesPerSec" : 2.7832995311230957,
    "sentKBytesPerSec" : 3.179510444596234
  },
  "/api/common/game/market/status" : {
    "transaction" : "/api/common/game/market/status",
    "sampleCount" : 2906,
    "errorCount" : 4,
    "errorPct" : 0.13764624,
    "meanResTime" : 47.73296627666904,
    "medianResTime" : 22.0,
    "minResTime" : 12.0,
    "maxResTime" : 3320.0,
    "pct1ResTime" : 33.0,
    "pct2ResTime" : 65.0,
    "pct3ResTime" : 576.5299999999966,
    "throughput" : 9.941398432502146,
    "receivedKBytesPerSec" : 46.501083064215415,
    "sentKBytesPerSec" : 5.737662571883563
  },
  "/api/user/deposit-GET" : {
    "transaction" : "/api/user/deposit-GET",
    "sampleCount" : 2779,
    "errorCount" : 0,
    "errorPct" : 0.0,
    "meanResTime" : 18.459157970492996,
    "medianResTime" : 15.0,
    "minResTime" : 11.0,
    "maxResTime" : 210.0,
    "pct1ResTime" : 22.0,
    "pct2ResTime" : 32.0,
    "pct3ResTime" : 82.39999999999964,
    "throughput" : 9.738200447838079,
    "receivedKBytesPerSec" : 15.848656907367953,
    "sentKBytesPerSec" : 6.076865318523957
  },
  "/api/user/account" : {
    "transaction" : "/api/user/account",
    "sampleCount" : 2974,
    "errorCount" : 0,
    "errorPct" : 0.0,
    "meanResTime" : 17.864828513786126,
    "medianResTime" : 15.0,
    "minResTime" : 9.0,
    "maxResTime" : 163.0,
    "pct1ResTime" : 25.0,
    "pct2ResTime" : 29.0,
    "pct3ResTime" : 70.75,
    "throughput" : 9.995093195673945,
    "receivedKBytesPerSec" : 12.828859340236468,
    "sentKBytesPerSec" : 7.193734067589549
  }
}