{
  "Total" : {
    "transaction" : "Total",
    "sampleCount" : 570,
    "errorCount" : 0,
    "errorPct" : 0.0,
    "meanResTime" : 94.92807017543866,
    "medianResTime" : 86.0,
    "minResTime" : 77.0,
    "maxResTime" : 621.0,
    "pct1ResTime" : 122.89999999999998,
    "pct2ResTime" : 135.44999999999993,
    "pct3ResTime" : 177.47999999999956,
    "throughput" : 10.412290155819008,
    "receivedKBytesPerSec" : 21.691361366978427,
    "sentKBytesPerSec" : 4.939843906983541
  },
  "Login User/api/auth-3" : {
    "transaction" : "Login User/api/auth-3",
    "sampleCount" : 570,
    "errorCount" : 0,
    "errorPct" : 0.0,
    "meanResTime" : 94.92807017543866,
    "medianResTime" : 86.0,
    "minResTime" : 77.0,
    "maxResTime" : 621.0,
    "pct1ResTime" : 122.89999999999998,
    "pct2ResTime" : 135.44999999999993,
    "pct3ResTime" : 177.47999999999956,
    "throughput" : 10.412290155819008,
    "receivedKBytesPerSec" : 21.691361366978427,
    "sentKBytesPerSec" : 4.939843906983541
  }
}