{
  "/api/user/openBet?deleted=false" : {
    "transaction" : "/api/user/openBet?deleted=false",
    "sampleCount" : 10,
    "errorCount" : 10,
    "errorPct" : 100.0,
    "meanResTime" : 12.1,
    "medianResTime" : 12.0,
    "minResTime" : 11.0,
    "maxResTime" : 14.0,
    "pct1ResTime" : 13.9,
    "pct2ResTime" : 14.0,
    "pct3ResTime" : 14.0,
    "throughput" : 1.6347882949158083,
    "receivedKBytesPerSec" : 0.5268360716037274,
    "sentKBytesPerSec" : 0.9706555501062613
  },
  "/api/user/openBet" : {
    "transaction" : "/api/user/openBet",
    "sampleCount" : 15,
    "errorCount" : 15,
    "errorPct" : 100.0,
    "meanResTime" : 54.00000000000001,
    "medianResTime" : 35.0,
    "minResTime" : 32.0,
    "maxResTime" : 175.0,
    "pct1ResTime" : 173.2,
    "pct2ResTime" : 175.0,
    "pct3ResTime" : 175.0,
    "throughput" : 1.155001155001155,
    "receivedKBytesPerSec" : 0.42071819415569417,
    "sentKBytesPerSec" : 1.2035021800646801
  },
  "/api/user/account-0" : {
    "transaction" : "/api/user/account-0",
    "sampleCount" : 32,
    "errorCount" : 0,
    "errorPct" : 0.0,
    "meanResTime" : 1.6562499999999998,
    "medianResTime" : 0.0,
    "minResTime" : 0.0,
    "maxResTime" : 14.0,
    "pct1ResTime" : 7.4999999999999964,
    "pct2ResTime" : 12.699999999999996,
    "pct3ResTime" : 14.0,
    "throughput" : 1.9819150253932862,
    "receivedKBytesPerSec" : 5.469076609531772,
    "sentKBytesPerSec" : 0.0
  },
  "/api/user/account" : {
    "transaction" : "/api/user/account",
    "sampleCount" : 32,
    "errorCount" : 0,
    "errorPct" : 0.0,
    "meanResTime" : 35.71874999999999,
    "medianResTime" : 18.0,
    "minResTime" : 13.0,
    "maxResTime" : 203.0,
    "pct1ResTime" : 108.29999999999993,
    "pct2ResTime" : 194.54999999999998,
    "pct3ResTime" : 203.0,
    "throughput" : 1.9592236576256656,
    "receivedKBytesPerSec" : 7.905355051888815,
    "sentKBytesPerSec" : 1.398625482152697
  },
  "/api/user/withdraw-GET" : {
    "transaction" : "/api/user/withdraw-GET",
    "sampleCount" : 10,
    "errorCount" : 0,
    "errorPct" : 0.0,
    "meanResTime" : 16.299999999999997,
    "medianResTime" : 16.0,
    "minResTime" : 14.0,
    "maxResTime" : 19.0,
    "pct1ResTime" : 19.0,
    "pct2ResTime" : 19.0,
    "pct3ResTime" : 19.0,
    "throughput" : 1.6390755613833796,
    "receivedKBytesPerSec" : 2.4608542656941483,
    "sentKBytesPerSec" : 1.0148182674971316
  },
  "/api/user/deposit-POST" : {
    "transaction" : "/api/user/deposit-POST",
    "sampleCount" : 10,
    "errorCount" : 9,
    "errorPct" : 90.0,
    "meanResTime" : 57.3,
    "medianResTime" : 52.0,
    "minResTime" : 39.0,
    "maxResTime" : 121.0,
    "pct1ResTime" : 114.60000000000002,
    "pct2ResTime" : 121.0,
    "pct3ResTime" : 121.0,
    "throughput" : 1.582528881152081,
    "receivedKBytesPerSec" : 0.5579032481405286,
    "sentKBytesPerSec" : 2.091905364772907
  },
  "/api/common/home" : {
    "transaction" : "/api/common/home",
    "sampleCount" : 10,
    "errorCount" : 0,
    "errorPct" : 0.0,
    "meanResTime" : 61.9,
    "medianResTime" : 58.5,
    "minResTime" : 39.0,
    "maxResTime" : 91.0,
    "pct1ResTime" : 90.5,
    "pct2ResTime" : 91.0,
    "pct3ResTime" : 91.0,
    "throughput" : 1.6268098259313486,
    "receivedKBytesPerSec" : 355.5103734545307,
    "sentKBytesPerSec" : 0.5608045591345372
  },
  "/api/common/game/market/group" : {
    "transaction" : "/api/common/game/market/group",
    "sampleCount" : 10,
    "errorCount" : 0,
    "errorPct" : 0.0,
    "meanResTime" : 19.900000000000002,
    "medianResTime" : 19.0,
    "minResTime" : 13.0,
    "maxResTime" : 30.0,
    "pct1ResTime" : 29.8,
    "pct2ResTime" : 30.0,
    "pct3ResTime" : 30.0,
    "throughput" : 1.6531658125309967,
    "receivedKBytesPerSec" : 99.83571664737973,
    "sentKBytesPerSec" : 0.5908776244007273
  },
  "Total" : {
    "transaction" : "Total",
    "sampleCount" : 169,
    "errorCount" : 43,
    "errorPct" : 25.443787,
    "meanResTime" : 36.834319526627226,
    "medianResTime" : 17.0,
    "minResTime" : 0.0,
    "maxResTime" : 666.0,
    "pct1ResTime" : 91.0,
    "pct2ResTime" : 123.0,
    "pct3ResTime" : 341.90000000000526,
    "throughput" : 8.521581282775312,
    "receivedKBytesPerSec" : 155.4687303032977,
    "sentKBytesPerSec" : 4.90664550978217
  },
  "Login User/api/auth-3" : {
    "transaction" : "Login User/api/auth-3",
    "sampleCount" : 10,
    "errorCount" : 0,
    "errorPct" : 0.0,
    "meanResTime" : 171.4,
    "medianResTime" : 108.5,
    "minResTime" : 101.0,
    "maxResTime" : 666.0,
    "pct1ResTime" : 617.3000000000002,
    "pct2ResTime" : 666.0,
    "pct3ResTime" : 666.0,
    "throughput" : 1.1303266644060133,
    "receivedKBytesPerSec" : 2.347193964055612,
    "sentKBytesPerSec" : 0.5619622117667006
  },
  "/api/user/transaction?trxType=deposit" : {
    "transaction" : "/api/user/transaction?trxType=deposit",
    "sampleCount" : 10,
    "errorCount" : 0,
    "errorPct" : 0.0,
    "meanResTime" : 16.400000000000002,
    "medianResTime" : 16.0,
    "minResTime" : 15.0,
    "maxResTime" : 19.0,
    "pct1ResTime" : 18.8,
    "pct2ResTime" : 19.0,
    "pct3ResTime" : 19.0,
    "throughput" : 1.6118633139909735,
    "receivedKBytesPerSec" : 1.7854849190038686,
    "sentKBytesPerSec" : 0.9664883542875564
  },
  "/api/user/withdraw-POST" : {
    "transaction" : "/api/user/withdraw-POST",
    "sampleCount" : 10,
    "errorCount" : 0,
    "errorPct" : 0.0,
    "meanResTime" : 53.4,
    "medianResTime" : 53.5,
    "minResTime" : 19.0,
    "maxResTime" : 77.0,
    "pct1ResTime" : 75.5,
    "pct2ResTime" : 77.0,
    "pct3ResTime" : 77.0,
    "throughput" : 1.6061676839061998,
    "receivedKBytesPerSec" : 2.0281004055573404,
    "sentKBytesPerSec" : 1.4963710648891744
  },
  "/api/user/deposit-GET" : {
    "transaction" : "/api/user/deposit-GET",
    "sampleCount" : 10,
    "errorCount" : 9,
    "errorPct" : 90.0,
    "meanResTime" : 13.2,
    "medianResTime" : 12.5,
    "minResTime" : 12.0,
    "maxResTime" : 17.0,
    "pct1ResTime" : 16.9,
    "pct2ResTime" : 17.0,
    "pct3ResTime" : 17.0,
    "throughput" : 1.6350555918901242,
    "receivedKBytesPerSec" : 0.8028378433616743,
    "sentKBytesPerSec" : 1.0107326070961413
  }
}