{
  "/api/auth" : {
    "transaction" : "/api/auth",
    "sampleCount" : 20,
    "errorCount" : 0,
    "errorPct" : 0.0,
    "meanResTime" : 181.9,
    "medianResTime" : 110.5,
    "minResTime" : 97.0,
    "maxResTime" : 787.0,
    "pct1ResTime" : 702.0000000000013,
    "pct2ResTime" : 785.6,
    "pct3ResTime" : 787.0,
    "throughput" : 0.02462753925321913,
    "receivedKBytesPerSec" : 0.051769540644059406,
    "sentKBytesPerSec" : 0.012278896646221704
  },
  "Total" : {
    "transaction" : "Total",
    "sampleCount" : 3431,
    "errorCount" : 0,
    "errorPct" : 0.0,
    "meanResTime" : 54.08364908190042,
    "medianResTime" : 33.0,
    "minResTime" : 28.0,
    "maxResTime" : 5641.0,
    "pct1ResTime" : 51.0,
    "pct2ResTime" : 69.39999999999964,
    "pct3ResTime" : 475.3599999999997,
    "throughput" : 4.224854358889741,
    "receivedKBytesPerSec" : 390.4308585106311,
    "sentKBytesPerSec" : 2.436433242745035
  },
  "api/protected/game/market/status/eventId" : {
    "transaction" : "api/protected/game/market/status/eventId",
    "sampleCount" : 3411,
    "errorCount" : 0,
    "errorPct" : 0.0,
    "meanResTime" : 53.33421284080923,
    "medianResTime" : 33.0,
    "minResTime" : 28.0,
    "maxResTime" : 5641.0,
    "pct1ResTime" : 51.0,
    "pct2ResTime" : 65.0,
    "pct3ResTime" : 458.3200000000015,
    "throughput" : 11.425030563882702,
    "receivedKBytesPerSec" : 1061.8695643128988,
    "sentKBytesPerSec" : 6.593938538334645
  }
}